request_id,event_kind,count
08411325-8277-4d1b-9600-792e1af32a86,A2AAgentExecutionDisabled,1
08411325-8277-4d1b-9600-792e1af32a86,A2ABridgeContractDeclared,1
08411325-8277-4d1b-9600-792e1af32a86,A2ABridgeNetworkDenied,1
08411325-8277-4d1b-9600-792e1af32a86,A2ABridgeRuntimeDisabled,1
08411325-8277-4d1b-9600-792e1af32a86,ATrustEvidenceMapCoverageRequired,1
08411325-8277-4d1b-9600-792e1af32a86,ATrustEvidenceMapDeclared,1
08411325-8277-4d1b-9600-792e1af32a86,ATrustEvidenceMapLinksValidated,1
08411325-8277-4d1b-9600-792e1af32a86,ATrustEvidenceMapRuntimeDisabled,1
08411325-8277-4d1b-9600-792e1af32a86,ATrustEvidenceMapSecurityClaimsDenied,1
08411325-8277-4d1b-9600-792e1af32a86,AgentDeclared,2
08411325-8277-4d1b-9600-792e1af32a86,BridgeSecurityClaimsDenied,2
08411325-8277-4d1b-9600-792e1af32a86,CapabilityDeclared,1
08411325-8277-4d1b-9600-792e1af32a86,ExternalProviderExecutionBlocked,1
08411325-8277-4d1b-9600-792e1af32a86,GovernanceControlsMapped,1
08411325-8277-4d1b-9600-792e1af32a86,GovernanceProfileDeclared,1
08411325-8277-4d1b-9600-792e1af32a86,GovernanceRuntimeDisabled,1
08411325-8277-4d1b-9600-792e1af32a86,GovernanceSecurityClaimsDenied,1
08411325-8277-4d1b-9600-792e1af32a86,HandlerExecuted,1
08411325-8277-4d1b-9600-792e1af32a86,LegalCertificationDenied,2
08411325-8277-4d1b-9600-792e1af32a86,McpBridgeContractDeclared,1
08411325-8277-4d1b-9600-792e1af32a86,McpBridgeNetworkDenied,1
08411325-8277-4d1b-9600-792e1af32a86,McpBridgeRuntimeDisabled,1
08411325-8277-4d1b-9600-792e1af32a86,McpBridgeToolExecutionDisabled,1
08411325-8277-4d1b-9600-792e1af32a86,MessageDelivered,1
08411325-8277-4d1b-9600-792e1af32a86,MessageProcessed,1
08411325-8277-4d1b-9600-792e1af32a86,MessageScheduled,1
08411325-8277-4d1b-9600-792e1af32a86,MitigationsMapped,1
08411325-8277-4d1b-9600-792e1af32a86,PolicyActionActivated,2
08411325-8277-4d1b-9600-792e1af32a86,PolicyDeclared,6
08411325-8277-4d1b-9600-792e1af32a86,PolicyEvaluated,142
08411325-8277-4d1b-9600-792e1af32a86,PolicyReportGenerated,1
08411325-8277-4d1b-9600-792e1af32a86,PolicyViolation,44
08411325-8277-4d1b-9600-792e1af32a86,ProviderContractDeclared,1
08411325-8277-4d1b-9600-792e1af32a86,ProviderContractValidated,1
08411325-8277-4d1b-9600-792e1af32a86,ProviderReferencesRedacted,1
08411325-8277-4d1b-9600-792e1af32a86,ProviderRegistered,1
08411325-8277-4d1b-9600-792e1af32a86,PublicConformanceArtifactsMapped,1
08411325-8277-4d1b-9600-792e1af32a86,PublicConformanceReplayDeclared,1
08411325-8277-4d1b-9600-792e1af32a86,PublicConformanceReportDeclared,1
08411325-8277-4d1b-9600-792e1af32a86,PublicConformanceRuntimeDisabled,2
08411325-8277-4d1b-9600-792e1af32a86,PublicConformanceSecurityClaimsDenied,2
08411325-8277-4d1b-9600-792e1af32a86,RegulatoryMappingDeclared,1
08411325-8277-4d1b-9600-792e1af32a86,RegulatoryObligationsMapped,1
08411325-8277-4d1b-9600-792e1af32a86,ReleaseCandidateArtifactsMapped,1
08411325-8277-4d1b-9600-792e1af32a86,ReleaseCandidateCompatibilityMapped,1
08411325-8277-4d1b-9600-792e1af32a86,ReleaseCandidateDeclared,1
08411325-8277-4d1b-9600-792e1af32a86,ReleaseCandidateRuntimeDisabled,1
08411325-8277-4d1b-9600-792e1af32a86,ReleaseCandidateSecurityClaimsDenied,1
08411325-8277-4d1b-9600-792e1af32a86,RemoteVerificationDenied,1
08411325-8277-4d1b-9600-792e1af32a86,RuntimeDenyByDefaultDeclared,1
08411325-8277-4d1b-9600-792e1af32a86,RuntimeExecutionDisabled,1
08411325-8277-4d1b-9600-792e1af32a86,RuntimeExecutionProfileDeclared,1
08411325-8277-4d1b-9600-792e1af32a86,RuntimeHardeningProfileDeclared,1
08411325-8277-4d1b-9600-792e1af32a86,RuntimeNetworkDenied,1
08411325-8277-4d1b-9600-792e1af32a86,RuntimeProfileGuardsValidated,1
08411325-8277-4d1b-9600-792e1af32a86,RuntimeSandboxRequired,1
08411325-8277-4d1b-9600-792e1af32a86,RuntimeSecretsDenied,1
08411325-8277-4d1b-9600-792e1af32a86,SandboxedProviderAdapterDeclared,1
08411325-8277-4d1b-9600-792e1af32a86,SpecFreezeCompatibilityDeclared,1
08411325-8277-4d1b-9600-792e1af32a86,SpecFreezeDeclared,1
08411325-8277-4d1b-9600-792e1af32a86,SpecFreezeRuntimeDisabled,1
08411325-8277-4d1b-9600-792e1af32a86,ThirdPartyVerifierDeclared,1
08411325-8277-4d1b-9600-792e1af32a86,ThreatAssetsMapped,1
08411325-8277-4d1b-9600-792e1af32a86,ThreatModelDeclared,1
08411325-8277-4d1b-9600-792e1af32a86,ThreatModelRuntimeDisabled,1
08411325-8277-4d1b-9600-792e1af32a86,ThreatModelSecurityClaimsDenied,1
08411325-8277-4d1b-9600-792e1af32a86,ThreatsMapped,1
08411325-8277-4d1b-9600-792e1af32a86,ValueTraced,1
08411325-8277-4d1b-9600-792e1af32a86,VmCompleted,1
08411325-8277-4d1b-9600-792e1af32a86,VmStarted,1
1e87a6ff-ea59-4e74-be91-19f264d2e644,A2AAgentExecutionDisabled,1
1e87a6ff-ea59-4e74-be91-19f264d2e644,A2ABridgeContractDeclared,1
1e87a6ff-ea59-4e74-be91-19f264d2e644,A2ABridgeNetworkDenied,1
1e87a6ff-ea59-4e74-be91-19f264d2e644,A2ABridgeRuntimeDisabled,1
1e87a6ff-ea59-4e74-be91-19f264d2e644,ATrustEvidenceMapCoverageRequired,1
1e87a6ff-ea59-4e74-be91-19f264d2e644,ATrustEvidenceMapDeclared,1
1e87a6ff-ea59-4e74-be91-19f264d2e644,ATrustEvidenceMapLinksValidated,1
1e87a6ff-ea59-4e74-be91-19f264d2e644,ATrustEvidenceMapRuntimeDisabled,1
1e87a6ff-ea59-4e74-be91-19f264d2e644,ATrustEvidenceMapSecurityClaimsDenied,1
1e87a6ff-ea59-4e74-be91-19f264d2e644,AgentDeclared,2
1e87a6ff-ea59-4e74-be91-19f264d2e644,BridgeSecurityClaimsDenied,2
1e87a6ff-ea59-4e74-be91-19f264d2e644,CapabilityDeclared,1
1e87a6ff-ea59-4e74-be91-19f264d2e644,ExternalProviderExecutionBlocked,1
1e87a6ff-ea59-4e74-be91-19f264d2e644,GovernanceControlsMapped,1
1e87a6ff-ea59-4e74-be91-19f264d2e644,GovernanceProfileDeclared,1
1e87a6ff-ea59-4e74-be91-19f264d2e644,GovernanceRuntimeDisabled,1
1e87a6ff-ea59-4e74-be91-19f264d2e644,GovernanceSecurityClaimsDenied,1
1e87a6ff-ea59-4e74-be91-19f264d2e644,HandlerExecuted,1
1e87a6ff-ea59-4e74-be91-19f264d2e644,LegalCertificationDenied,2
1e87a6ff-ea59-4e74-be91-19f264d2e644,McpBridgeContractDeclared,1
1e87a6ff-ea59-4e74-be91-19f264d2e644,McpBridgeNetworkDenied,1
1e87a6ff-ea59-4e74-be91-19f264d2e644,McpBridgeRuntimeDisabled,1
1e87a6ff-ea59-4e74-be91-19f264d2e644,McpBridgeToolExecutionDisabled,1
1e87a6ff-ea59-4e74-be91-19f264d2e644,MessageDelivered,1
1e87a6ff-ea59-4e74-be91-19f264d2e644,MessageProcessed,1
1e87a6ff-ea59-4e74-be91-19f264d2e644,MessageScheduled,1
1e87a6ff-ea59-4e74-be91-19f264d2e644,MitigationsMapped,1
1e87a6ff-ea59-4e74-be91-19f264d2e644,PolicyActionActivated,2
1e87a6ff-ea59-4e74-be91-19f264d2e644,PolicyDeclared,6
1e87a6ff-ea59-4e74-be91-19f264d2e644,PolicyEvaluated,142
1e87a6ff-ea59-4e74-be91-19f264d2e644,PolicyReportGenerated,1
1e87a6ff-ea59-4e74-be91-19f264d2e644,PolicyViolation,44
1e87a6ff-ea59-4e74-be91-19f264d2e644,ProviderContractDeclared,1
1e87a6ff-ea59-4e74-be91-19f264d2e644,ProviderContractValidated,1
1e87a6ff-ea59-4e74-be91-19f264d2e644,ProviderReferencesRedacted,1
1e87a6ff-ea59-4e74-be91-19f264d2e644,ProviderRegistered,1
1e87a6ff-ea59-4e74-be91-19f264d2e644,PublicConformanceArtifactsMapped,1
1e87a6ff-ea59-4e74-be91-19f264d2e644,PublicConformanceReplayDeclared,1
1e87a6ff-ea59-4e74-be91-19f264d2e644,PublicConformanceReportDeclared,1
1e87a6ff-ea59-4e74-be91-19f264d2e644,PublicConformanceRuntimeDisabled,2
1e87a6ff-ea59-4e74-be91-19f264d2e644,PublicConformanceSecurityClaimsDenied,2
1e87a6ff-ea59-4e74-be91-19f264d2e644,RegulatoryMappingDeclared,1
1e87a6ff-ea59-4e74-be91-19f264d2e644,RegulatoryObligationsMapped,1
1e87a6ff-ea59-4e74-be91-19f264d2e644,ReleaseCandidateArtifactsMapped,1
1e87a6ff-ea59-4e74-be91-19f264d2e644,ReleaseCandidateCompatibilityMapped,1
1e87a6ff-ea59-4e74-be91-19f264d2e644,ReleaseCandidateDeclared,1
1e87a6ff-ea59-4e74-be91-19f264d2e644,ReleaseCandidateRuntimeDisabled,1
1e87a6ff-ea59-4e74-be91-19f264d2e644,ReleaseCandidateSecurityClaimsDenied,1
1e87a6ff-ea59-4e74-be91-19f264d2e644,RemoteVerificationDenied,1
1e87a6ff-ea59-4e74-be91-19f264d2e644,RuntimeDenyByDefaultDeclared,1
1e87a6ff-ea59-4e74-be91-19f264d2e644,RuntimeExecutionDisabled,1
1e87a6ff-ea59-4e74-be91-19f264d2e644,RuntimeExecutionProfileDeclared,1
1e87a6ff-ea59-4e74-be91-19f264d2e644,RuntimeHardeningProfileDeclared,1
1e87a6ff-ea59-4e74-be91-19f264d2e644,RuntimeNetworkDenied,1
1e87a6ff-ea59-4e74-be91-19f264d2e644,RuntimeProfileGuardsValidated,1
1e87a6ff-ea59-4e74-be91-19f264d2e644,RuntimeSandboxRequired,1
1e87a6ff-ea59-4e74-be91-19f264d2e644,RuntimeSecretsDenied,1
1e87a6ff-ea59-4e74-be91-19f264d2e644,SandboxedProviderAdapterDeclared,1
1e87a6ff-ea59-4e74-be91-19f264d2e644,SpecFreezeCompatibilityDeclared,1
1e87a6ff-ea59-4e74-be91-19f264d2e644,SpecFreezeDeclared,1
1e87a6ff-ea59-4e74-be91-19f264d2e644,SpecFreezeRuntimeDisabled,1
1e87a6ff-ea59-4e74-be91-19f264d2e644,ThirdPartyVerifierDeclared,1
1e87a6ff-ea59-4e74-be91-19f264d2e644,ThreatAssetsMapped,1
1e87a6ff-ea59-4e74-be91-19f264d2e644,ThreatModelDeclared,1
1e87a6ff-ea59-4e74-be91-19f264d2e644,ThreatModelRuntimeDisabled,1
1e87a6ff-ea59-4e74-be91-19f264d2e644,ThreatModelSecurityClaimsDenied,1
1e87a6ff-ea59-4e74-be91-19f264d2e644,ThreatsMapped,1
1e87a6ff-ea59-4e74-be91-19f264d2e644,ValueTraced,1
1e87a6ff-ea59-4e74-be91-19f264d2e644,VmCompleted,1
1e87a6ff-ea59-4e74-be91-19f264d2e644,VmStarted,1
28550461-142d-44ff-bbfd-85edeacad0d7,A2AAgentExecutionDisabled,1
28550461-142d-44ff-bbfd-85edeacad0d7,A2ABridgeContractDeclared,1
28550461-142d-44ff-bbfd-85edeacad0d7,A2ABridgeNetworkDenied,1
28550461-142d-44ff-bbfd-85edeacad0d7,A2ABridgeRuntimeDisabled,1
28550461-142d-44ff-bbfd-85edeacad0d7,ATrustEvidenceMapCoverageRequired,1
28550461-142d-44ff-bbfd-85edeacad0d7,ATrustEvidenceMapDeclared,1
28550461-142d-44ff-bbfd-85edeacad0d7,ATrustEvidenceMapLinksValidated,1
28550461-142d-44ff-bbfd-85edeacad0d7,ATrustEvidenceMapRuntimeDisabled,1
28550461-142d-44ff-bbfd-85edeacad0d7,ATrustEvidenceMapSecurityClaimsDenied,1
28550461-142d-44ff-bbfd-85edeacad0d7,AgentDeclared,2
28550461-142d-44ff-bbfd-85edeacad0d7,BridgeSecurityClaimsDenied,2
28550461-142d-44ff-bbfd-85edeacad0d7,CapabilityDeclared,1
28550461-142d-44ff-bbfd-85edeacad0d7,ExternalProviderExecutionBlocked,1
28550461-142d-44ff-bbfd-85edeacad0d7,GovernanceControlsMapped,1
28550461-142d-44ff-bbfd-85edeacad0d7,GovernanceProfileDeclared,1
28550461-142d-44ff-bbfd-85edeacad0d7,GovernanceRuntimeDisabled,1
28550461-142d-44ff-bbfd-85edeacad0d7,GovernanceSecurityClaimsDenied,1
28550461-142d-44ff-bbfd-85edeacad0d7,HandlerExecuted,1
28550461-142d-44ff-bbfd-85edeacad0d7,LegalCertificationDenied,2
28550461-142d-44ff-bbfd-85edeacad0d7,McpBridgeContractDeclared,1
28550461-142d-44ff-bbfd-85edeacad0d7,McpBridgeNetworkDenied,1
28550461-142d-44ff-bbfd-85edeacad0d7,McpBridgeRuntimeDisabled,1
28550461-142d-44ff-bbfd-85edeacad0d7,McpBridgeToolExecutionDisabled,1
28550461-142d-44ff-bbfd-85edeacad0d7,MessageDelivered,1
28550461-142d-44ff-bbfd-85edeacad0d7,MessageProcessed,1
28550461-142d-44ff-bbfd-85edeacad0d7,MessageScheduled,1
28550461-142d-44ff-bbfd-85edeacad0d7,MitigationsMapped,1
28550461-142d-44ff-bbfd-85edeacad0d7,PolicyActionActivated,2
28550461-142d-44ff-bbfd-85edeacad0d7,PolicyDeclared,6
28550461-142d-44ff-bbfd-85edeacad0d7,PolicyEvaluated,142
28550461-142d-44ff-bbfd-85edeacad0d7,PolicyReportGenerated,1
28550461-142d-44ff-bbfd-85edeacad0d7,PolicyViolation,44
28550461-142d-44ff-bbfd-85edeacad0d7,ProviderContractDeclared,1
28550461-142d-44ff-bbfd-85edeacad0d7,ProviderContractValidated,1
28550461-142d-44ff-bbfd-85edeacad0d7,ProviderReferencesRedacted,1
28550461-142d-44ff-bbfd-85edeacad0d7,ProviderRegistered,1
28550461-142d-44ff-bbfd-85edeacad0d7,PublicConformanceArtifactsMapped,1
28550461-142d-44ff-bbfd-85edeacad0d7,PublicConformanceReplayDeclared,1
28550461-142d-44ff-bbfd-85edeacad0d7,PublicConformanceReportDeclared,1
28550461-142d-44ff-bbfd-85edeacad0d7,PublicConformanceRuntimeDisabled,2
28550461-142d-44ff-bbfd-85edeacad0d7,PublicConformanceSecurityClaimsDenied,2
28550461-142d-44ff-bbfd-85edeacad0d7,RegulatoryMappingDeclared,1
28550461-142d-44ff-bbfd-85edeacad0d7,RegulatoryObligationsMapped,1
28550461-142d-44ff-bbfd-85edeacad0d7,ReleaseCandidateArtifactsMapped,1
28550461-142d-44ff-bbfd-85edeacad0d7,ReleaseCandidateCompatibilityMapped,1
28550461-142d-44ff-bbfd-85edeacad0d7,ReleaseCandidateDeclared,1
28550461-142d-44ff-bbfd-85edeacad0d7,ReleaseCandidateRuntimeDisabled,1
28550461-142d-44ff-bbfd-85edeacad0d7,ReleaseCandidateSecurityClaimsDenied,1
28550461-142d-44ff-bbfd-85edeacad0d7,RemoteVerificationDenied,1
28550461-142d-44ff-bbfd-85edeacad0d7,RuntimeDenyByDefaultDeclared,1
28550461-142d-44ff-bbfd-85edeacad0d7,RuntimeExecutionDisabled,1
28550461-142d-44ff-bbfd-85edeacad0d7,RuntimeExecutionProfileDeclared,1
28550461-142d-44ff-bbfd-85edeacad0d7,RuntimeHardeningProfileDeclared,1
28550461-142d-44ff-bbfd-85edeacad0d7,RuntimeNetworkDenied,1
28550461-142d-44ff-bbfd-85edeacad0d7,RuntimeProfileGuardsValidated,1
28550461-142d-44ff-bbfd-85edeacad0d7,RuntimeSandboxRequired,1
28550461-142d-44ff-bbfd-85edeacad0d7,RuntimeSecretsDenied,1
28550461-142d-44ff-bbfd-85edeacad0d7,SandboxedProviderAdapterDeclared,1
28550461-142d-44ff-bbfd-85edeacad0d7,SpecFreezeCompatibilityDeclared,1
28550461-142d-44ff-bbfd-85edeacad0d7,SpecFreezeDeclared,1
28550461-142d-44ff-bbfd-85edeacad0d7,SpecFreezeRuntimeDisabled,1
28550461-142d-44ff-bbfd-85edeacad0d7,ThirdPartyVerifierDeclared,1
28550461-142d-44ff-bbfd-85edeacad0d7,ThreatAssetsMapped,1
28550461-142d-44ff-bbfd-85edeacad0d7,ThreatModelDeclared,1
28550461-142d-44ff-bbfd-85edeacad0d7,ThreatModelRuntimeDisabled,1
28550461-142d-44ff-bbfd-85edeacad0d7,ThreatModelSecurityClaimsDenied,1
28550461-142d-44ff-bbfd-85edeacad0d7,ThreatsMapped,1
28550461-142d-44ff-bbfd-85edeacad0d7,ValueTraced,1
28550461-142d-44ff-bbfd-85edeacad0d7,VmCompleted,1
28550461-142d-44ff-bbfd-85edeacad0d7,VmStarted,1
2ffdcf1a-51b6-4d7f-91db-77cdc1b92e5f,A2AAgentExecutionDisabled,1
2ffdcf1a-51b6-4d7f-91db-77cdc1b92e5f,A2ABridgeContractDeclared,1
2ffdcf1a-51b6-4d7f-91db-77cdc1b92e5f,A2ABridgeNetworkDenied,1
2ffdcf1a-51b6-4d7f-91db-77cdc1b92e5f,A2ABridgeRuntimeDisabled,1
2ffdcf1a-51b6-4d7f-91db-77cdc1b92e5f,ATrustEvidenceMapCoverageRequired,1
2ffdcf1a-51b6-4d7f-91db-77cdc1b92e5f,ATrustEvidenceMapDeclared,1
2ffdcf1a-51b6-4d7f-91db-77cdc1b92e5f,ATrustEvidenceMapLinksValidated,1
2ffdcf1a-51b6-4d7f-91db-77cdc1b92e5f,ATrustEvidenceMapRuntimeDisabled,1
2ffdcf1a-51b6-4d7f-91db-77cdc1b92e5f,ATrustEvidenceMapSecurityClaimsDenied,1
2ffdcf1a-51b6-4d7f-91db-77cdc1b92e5f,AgentDeclared,2
2ffdcf1a-51b6-4d7f-91db-77cdc1b92e5f,BridgeSecurityClaimsDenied,2
2ffdcf1a-51b6-4d7f-91db-77cdc1b92e5f,CapabilityDeclared,1
2ffdcf1a-51b6-4d7f-91db-77cdc1b92e5f,ExternalProviderExecutionBlocked,1
2ffdcf1a-51b6-4d7f-91db-77cdc1b92e5f,GovernanceControlsMapped,1
2ffdcf1a-51b6-4d7f-91db-77cdc1b92e5f,GovernanceProfileDeclared,1
2ffdcf1a-51b6-4d7f-91db-77cdc1b92e5f,GovernanceRuntimeDisabled,1
2ffdcf1a-51b6-4d7f-91db-77cdc1b92e5f,GovernanceSecurityClaimsDenied,1
2ffdcf1a-51b6-4d7f-91db-77cdc1b92e5f,HandlerExecuted,1
2ffdcf1a-51b6-4d7f-91db-77cdc1b92e5f,LegalCertificationDenied,2
2ffdcf1a-51b6-4d7f-91db-77cdc1b92e5f,McpBridgeContractDeclared,1
2ffdcf1a-51b6-4d7f-91db-77cdc1b92e5f,McpBridgeNetworkDenied,1
2ffdcf1a-51b6-4d7f-91db-77cdc1b92e5f,McpBridgeRuntimeDisabled,1
2ffdcf1a-51b6-4d7f-91db-77cdc1b92e5f,McpBridgeToolExecutionDisabled,1
2ffdcf1a-51b6-4d7f-91db-77cdc1b92e5f,MessageDelivered,1
2ffdcf1a-51b6-4d7f-91db-77cdc1b92e5f,MessageProcessed,1
2ffdcf1a-51b6-4d7f-91db-77cdc1b92e5f,MessageScheduled,1
2ffdcf1a-51b6-4d7f-91db-77cdc1b92e5f,MitigationsMapped,1
2ffdcf1a-51b6-4d7f-91db-77cdc1b92e5f,PolicyActionActivated,2
2ffdcf1a-51b6-4d7f-91db-77cdc1b92e5f,PolicyDeclared,6
2ffdcf1a-51b6-4d7f-91db-77cdc1b92e5f,PolicyEvaluated,142
2ffdcf1a-51b6-4d7f-91db-77cdc1b92e5f,PolicyReportGenerated,1
2ffdcf1a-51b6-4d7f-91db-77cdc1b92e5f,PolicyViolation,44
2ffdcf1a-51b6-4d7f-91db-77cdc1b92e5f,ProviderContractDeclared,1
2ffdcf1a-51b6-4d7f-91db-77cdc1b92e5f,ProviderContractValidated,1
2ffdcf1a-51b6-4d7f-91db-77cdc1b92e5f,ProviderReferencesRedacted,1
2ffdcf1a-51b6-4d7f-91db-77cdc1b92e5f,ProviderRegistered,1
2ffdcf1a-51b6-4d7f-91db-77cdc1b92e5f,PublicConformanceArtifactsMapped,1
2ffdcf1a-51b6-4d7f-91db-77cdc1b92e5f,PublicConformanceReplayDeclared,1
2ffdcf1a-51b6-4d7f-91db-77cdc1b92e5f,PublicConformanceReportDeclared,1
2ffdcf1a-51b6-4d7f-91db-77cdc1b92e5f,PublicConformanceRuntimeDisabled,2
2ffdcf1a-51b6-4d7f-91db-77cdc1b92e5f,PublicConformanceSecurityClaimsDenied,2
2ffdcf1a-51b6-4d7f-91db-77cdc1b92e5f,RegulatoryMappingDeclared,1
2ffdcf1a-51b6-4d7f-91db-77cdc1b92e5f,RegulatoryObligationsMapped,1
2ffdcf1a-51b6-4d7f-91db-77cdc1b92e5f,ReleaseCandidateArtifactsMapped,1
2ffdcf1a-51b6-4d7f-91db-77cdc1b92e5f,ReleaseCandidateCompatibilityMapped,1
2ffdcf1a-51b6-4d7f-91db-77cdc1b92e5f,ReleaseCandidateDeclared,1
2ffdcf1a-51b6-4d7f-91db-77cdc1b92e5f,ReleaseCandidateRuntimeDisabled,1
2ffdcf1a-51b6-4d7f-91db-77cdc1b92e5f,ReleaseCandidateSecurityClaimsDenied,1
2ffdcf1a-51b6-4d7f-91db-77cdc1b92e5f,RemoteVerificationDenied,1
2ffdcf1a-51b6-4d7f-91db-77cdc1b92e5f,RuntimeDenyByDefaultDeclared,1
2ffdcf1a-51b6-4d7f-91db-77cdc1b92e5f,RuntimeExecutionDisabled,1
2ffdcf1a-51b6-4d7f-91db-77cdc1b92e5f,RuntimeExecutionProfileDeclared,1
2ffdcf1a-51b6-4d7f-91db-77cdc1b92e5f,RuntimeHardeningProfileDeclared,1
2ffdcf1a-51b6-4d7f-91db-77cdc1b92e5f,RuntimeNetworkDenied,1
2ffdcf1a-51b6-4d7f-91db-77cdc1b92e5f,RuntimeProfileGuardsValidated,1
2ffdcf1a-51b6-4d7f-91db-77cdc1b92e5f,RuntimeSandboxRequired,1
2ffdcf1a-51b6-4d7f-91db-77cdc1b92e5f,RuntimeSecretsDenied,1
2ffdcf1a-51b6-4d7f-91db-77cdc1b92e5f,SandboxedProviderAdapterDeclared,1
2ffdcf1a-51b6-4d7f-91db-77cdc1b92e5f,SpecFreezeCompatibilityDeclared,1
2ffdcf1a-51b6-4d7f-91db-77cdc1b92e5f,SpecFreezeDeclared,1
2ffdcf1a-51b6-4d7f-91db-77cdc1b92e5f,SpecFreezeRuntimeDisabled,1
2ffdcf1a-51b6-4d7f-91db-77cdc1b92e5f,ThirdPartyVerifierDeclared,1
2ffdcf1a-51b6-4d7f-91db-77cdc1b92e5f,ThreatAssetsMapped,1
2ffdcf1a-51b6-4d7f-91db-77cdc1b92e5f,ThreatModelDeclared,1
2ffdcf1a-51b6-4d7f-91db-77cdc1b92e5f,ThreatModelRuntimeDisabled,1
2ffdcf1a-51b6-4d7f-91db-77cdc1b92e5f,ThreatModelSecurityClaimsDenied,1
2ffdcf1a-51b6-4d7f-91db-77cdc1b92e5f,ThreatsMapped,1
2ffdcf1a-51b6-4d7f-91db-77cdc1b92e5f,ValueTraced,1
2ffdcf1a-51b6-4d7f-91db-77cdc1b92e5f,VmCompleted,1
2ffdcf1a-51b6-4d7f-91db-77cdc1b92e5f,VmStarted,1
3cadbf73-aa48-4b21-acda-8a44b458eb37,A2AAgentExecutionDisabled,1
3cadbf73-aa48-4b21-acda-8a44b458eb37,A2ABridgeContractDeclared,1
3cadbf73-aa48-4b21-acda-8a44b458eb37,A2ABridgeNetworkDenied,1
3cadbf73-aa48-4b21-acda-8a44b458eb37,A2ABridgeRuntimeDisabled,1
3cadbf73-aa48-4b21-acda-8a44b458eb37,ATrustEvidenceMapCoverageRequired,1
3cadbf73-aa48-4b21-acda-8a44b458eb37,ATrustEvidenceMapDeclared,1
3cadbf73-aa48-4b21-acda-8a44b458eb37,ATrustEvidenceMapLinksValidated,1
3cadbf73-aa48-4b21-acda-8a44b458eb37,ATrustEvidenceMapRuntimeDisabled,1
3cadbf73-aa48-4b21-acda-8a44b458eb37,ATrustEvidenceMapSecurityClaimsDenied,1
3cadbf73-aa48-4b21-acda-8a44b458eb37,AgentDeclared,2
3cadbf73-aa48-4b21-acda-8a44b458eb37,BridgeSecurityClaimsDenied,2
3cadbf73-aa48-4b21-acda-8a44b458eb37,CapabilityDeclared,1
3cadbf73-aa48-4b21-acda-8a44b458eb37,ExternalProviderExecutionBlocked,1
3cadbf73-aa48-4b21-acda-8a44b458eb37,GovernanceControlsMapped,1
3cadbf73-aa48-4b21-acda-8a44b458eb37,GovernanceProfileDeclared,1
3cadbf73-aa48-4b21-acda-8a44b458eb37,GovernanceRuntimeDisabled,1
3cadbf73-aa48-4b21-acda-8a44b458eb37,GovernanceSecurityClaimsDenied,1
3cadbf73-aa48-4b21-acda-8a44b458eb37,HandlerExecuted,1
3cadbf73-aa48-4b21-acda-8a44b458eb37,LegalCertificationDenied,2
3cadbf73-aa48-4b21-acda-8a44b458eb37,McpBridgeContractDeclared,1
3cadbf73-aa48-4b21-acda-8a44b458eb37,McpBridgeNetworkDenied,1
3cadbf73-aa48-4b21-acda-8a44b458eb37,McpBridgeRuntimeDisabled,1
3cadbf73-aa48-4b21-acda-8a44b458eb37,McpBridgeToolExecutionDisabled,1
3cadbf73-aa48-4b21-acda-8a44b458eb37,MessageDelivered,1
3cadbf73-aa48-4b21-acda-8a44b458eb37,MessageProcessed,1
3cadbf73-aa48-4b21-acda-8a44b458eb37,MessageScheduled,1
3cadbf73-aa48-4b21-acda-8a44b458eb37,MitigationsMapped,1
3cadbf73-aa48-4b21-acda-8a44b458eb37,PolicyActionActivated,2
3cadbf73-aa48-4b21-acda-8a44b458eb37,PolicyDeclared,6
3cadbf73-aa48-4b21-acda-8a44b458eb37,PolicyEvaluated,142
3cadbf73-aa48-4b21-acda-8a44b458eb37,PolicyReportGenerated,1
3cadbf73-aa48-4b21-acda-8a44b458eb37,PolicyViolation,44
3cadbf73-aa48-4b21-acda-8a44b458eb37,ProviderContractDeclared,1
3cadbf73-aa48-4b21-acda-8a44b458eb37,ProviderContractValidated,1
3cadbf73-aa48-4b21-acda-8a44b458eb37,ProviderReferencesRedacted,1
3cadbf73-aa48-4b21-acda-8a44b458eb37,ProviderRegistered,1
3cadbf73-aa48-4b21-acda-8a44b458eb37,PublicConformanceArtifactsMapped,1
3cadbf73-aa48-4b21-acda-8a44b458eb37,PublicConformanceReplayDeclared,1
3cadbf73-aa48-4b21-acda-8a44b458eb37,PublicConformanceReportDeclared,1
3cadbf73-aa48-4b21-acda-8a44b458eb37,PublicConformanceRuntimeDisabled,2
3cadbf73-aa48-4b21-acda-8a44b458eb37,PublicConformanceSecurityClaimsDenied,2
3cadbf73-aa48-4b21-acda-8a44b458eb37,RegulatoryMappingDeclared,1
3cadbf73-aa48-4b21-acda-8a44b458eb37,RegulatoryObligationsMapped,1
3cadbf73-aa48-4b21-acda-8a44b458eb37,ReleaseCandidateArtifactsMapped,1
3cadbf73-aa48-4b21-acda-8a44b458eb37,ReleaseCandidateCompatibilityMapped,1
3cadbf73-aa48-4b21-acda-8a44b458eb37,ReleaseCandidateDeclared,1
3cadbf73-aa48-4b21-acda-8a44b458eb37,ReleaseCandidateRuntimeDisabled,1
3cadbf73-aa48-4b21-acda-8a44b458eb37,ReleaseCandidateSecurityClaimsDenied,1
3cadbf73-aa48-4b21-acda-8a44b458eb37,RemoteVerificationDenied,1
3cadbf73-aa48-4b21-acda-8a44b458eb37,RuntimeDenyByDefaultDeclared,1
3cadbf73-aa48-4b21-acda-8a44b458eb37,RuntimeExecutionDisabled,1
3cadbf73-aa48-4b21-acda-8a44b458eb37,RuntimeExecutionProfileDeclared,1
3cadbf73-aa48-4b21-acda-8a44b458eb37,RuntimeHardeningProfileDeclared,1
3cadbf73-aa48-4b21-acda-8a44b458eb37,RuntimeNetworkDenied,1
3cadbf73-aa48-4b21-acda-8a44b458eb37,RuntimeProfileGuardsValidated,1
3cadbf73-aa48-4b21-acda-8a44b458eb37,RuntimeSandboxRequired,1
3cadbf73-aa48-4b21-acda-8a44b458eb37,RuntimeSecretsDenied,1
3cadbf73-aa48-4b21-acda-8a44b458eb37,SandboxedProviderAdapterDeclared,1
3cadbf73-aa48-4b21-acda-8a44b458eb37,SpecFreezeCompatibilityDeclared,1
3cadbf73-aa48-4b21-acda-8a44b458eb37,SpecFreezeDeclared,1
3cadbf73-aa48-4b21-acda-8a44b458eb37,SpecFreezeRuntimeDisabled,1
3cadbf73-aa48-4b21-acda-8a44b458eb37,ThirdPartyVerifierDeclared,1
3cadbf73-aa48-4b21-acda-8a44b458eb37,ThreatAssetsMapped,1
3cadbf73-aa48-4b21-acda-8a44b458eb37,ThreatModelDeclared,1
3cadbf73-aa48-4b21-acda-8a44b458eb37,ThreatModelRuntimeDisabled,1
3cadbf73-aa48-4b21-acda-8a44b458eb37,ThreatModelSecurityClaimsDenied,1
3cadbf73-aa48-4b21-acda-8a44b458eb37,ThreatsMapped,1
3cadbf73-aa48-4b21-acda-8a44b458eb37,ValueTraced,1
3cadbf73-aa48-4b21-acda-8a44b458eb37,VmCompleted,1
3cadbf73-aa48-4b21-acda-8a44b458eb37,VmStarted,1
4df72502-1602-4c4a-9307-cbd1859a624d,A2AAgentExecutionDisabled,1
4df72502-1602-4c4a-9307-cbd1859a624d,A2ABridgeContractDeclared,1
4df72502-1602-4c4a-9307-cbd1859a624d,A2ABridgeNetworkDenied,1
4df72502-1602-4c4a-9307-cbd1859a624d,A2ABridgeRuntimeDisabled,1
4df72502-1602-4c4a-9307-cbd1859a624d,ATrustEvidenceMapCoverageRequired,1
4df72502-1602-4c4a-9307-cbd1859a624d,ATrustEvidenceMapDeclared,1
4df72502-1602-4c4a-9307-cbd1859a624d,ATrustEvidenceMapLinksValidated,1
4df72502-1602-4c4a-9307-cbd1859a624d,ATrustEvidenceMapRuntimeDisabled,1
4df72502-1602-4c4a-9307-cbd1859a624d,ATrustEvidenceMapSecurityClaimsDenied,1
4df72502-1602-4c4a-9307-cbd1859a624d,AgentDeclared,2
4df72502-1602-4c4a-9307-cbd1859a624d,BridgeSecurityClaimsDenied,2
4df72502-1602-4c4a-9307-cbd1859a624d,CapabilityDeclared,1
4df72502-1602-4c4a-9307-cbd1859a624d,ExternalProviderExecutionBlocked,1
4df72502-1602-4c4a-9307-cbd1859a624d,GovernanceControlsMapped,1
4df72502-1602-4c4a-9307-cbd1859a624d,GovernanceProfileDeclared,1
4df72502-1602-4c4a-9307-cbd1859a624d,GovernanceRuntimeDisabled,1
4df72502-1602-4c4a-9307-cbd1859a624d,GovernanceSecurityClaimsDenied,1
4df72502-1602-4c4a-9307-cbd1859a624d,HandlerExecuted,1
4df72502-1602-4c4a-9307-cbd1859a624d,LegalCertificationDenied,2
4df72502-1602-4c4a-9307-cbd1859a624d,McpBridgeContractDeclared,1
4df72502-1602-4c4a-9307-cbd1859a624d,McpBridgeNetworkDenied,1
4df72502-1602-4c4a-9307-cbd1859a624d,McpBridgeRuntimeDisabled,1
4df72502-1602-4c4a-9307-cbd1859a624d,McpBridgeToolExecutionDisabled,1
4df72502-1602-4c4a-9307-cbd1859a624d,MessageDelivered,1
4df72502-1602-4c4a-9307-cbd1859a624d,MessageProcessed,1
4df72502-1602-4c4a-9307-cbd1859a624d,MessageScheduled,1
4df72502-1602-4c4a-9307-cbd1859a624d,MitigationsMapped,1
4df72502-1602-4c4a-9307-cbd1859a624d,PolicyActionActivated,2
4df72502-1602-4c4a-9307-cbd1859a624d,PolicyDeclared,6
4df72502-1602-4c4a-9307-cbd1859a624d,PolicyEvaluated,142
4df72502-1602-4c4a-9307-cbd1859a624d,PolicyReportGenerated,1
4df72502-1602-4c4a-9307-cbd1859a624d,PolicyViolation,44
4df72502-1602-4c4a-9307-cbd1859a624d,ProviderContractDeclared,1
4df72502-1602-4c4a-9307-cbd1859a624d,ProviderContractValidated,1
4df72502-1602-4c4a-9307-cbd1859a624d,ProviderReferencesRedacted,1
4df72502-1602-4c4a-9307-cbd1859a624d,ProviderRegistered,1
4df72502-1602-4c4a-9307-cbd1859a624d,PublicConformanceArtifactsMapped,1
4df72502-1602-4c4a-9307-cbd1859a624d,PublicConformanceReplayDeclared,1
4df72502-1602-4c4a-9307-cbd1859a624d,PublicConformanceReportDeclared,1
4df72502-1602-4c4a-9307-cbd1859a624d,PublicConformanceRuntimeDisabled,2
4df72502-1602-4c4a-9307-cbd1859a624d,PublicConformanceSecurityClaimsDenied,2
4df72502-1602-4c4a-9307-cbd1859a624d,RegulatoryMappingDeclared,1
4df72502-1602-4c4a-9307-cbd1859a624d,RegulatoryObligationsMapped,1
4df72502-1602-4c4a-9307-cbd1859a624d,ReleaseCandidateArtifactsMapped,1
4df72502-1602-4c4a-9307-cbd1859a624d,ReleaseCandidateCompatibilityMapped,1
4df72502-1602-4c4a-9307-cbd1859a624d,ReleaseCandidateDeclared,1
4df72502-1602-4c4a-9307-cbd1859a624d,ReleaseCandidateRuntimeDisabled,1
4df72502-1602-4c4a-9307-cbd1859a624d,ReleaseCandidateSecurityClaimsDenied,1
4df72502-1602-4c4a-9307-cbd1859a624d,RemoteVerificationDenied,1
4df72502-1602-4c4a-9307-cbd1859a624d,RuntimeDenyByDefaultDeclared,1
4df72502-1602-4c4a-9307-cbd1859a624d,RuntimeExecutionDisabled,1
4df72502-1602-4c4a-9307-cbd1859a624d,RuntimeExecutionProfileDeclared,1
4df72502-1602-4c4a-9307-cbd1859a624d,RuntimeHardeningProfileDeclared,1
4df72502-1602-4c4a-9307-cbd1859a624d,RuntimeNetworkDenied,1
4df72502-1602-4c4a-9307-cbd1859a624d,RuntimeProfileGuardsValidated,1
4df72502-1602-4c4a-9307-cbd1859a624d,RuntimeSandboxRequired,1
4df72502-1602-4c4a-9307-cbd1859a624d,RuntimeSecretsDenied,1
4df72502-1602-4c4a-9307-cbd1859a624d,SandboxedProviderAdapterDeclared,1
4df72502-1602-4c4a-9307-cbd1859a624d,SpecFreezeCompatibilityDeclared,1
4df72502-1602-4c4a-9307-cbd1859a624d,SpecFreezeDeclared,1
4df72502-1602-4c4a-9307-cbd1859a624d,SpecFreezeRuntimeDisabled,1
4df72502-1602-4c4a-9307-cbd1859a624d,ThirdPartyVerifierDeclared,1
4df72502-1602-4c4a-9307-cbd1859a624d,ThreatAssetsMapped,1
4df72502-1602-4c4a-9307-cbd1859a624d,ThreatModelDeclared,1
4df72502-1602-4c4a-9307-cbd1859a624d,ThreatModelRuntimeDisabled,1
4df72502-1602-4c4a-9307-cbd1859a624d,ThreatModelSecurityClaimsDenied,1
4df72502-1602-4c4a-9307-cbd1859a624d,ThreatsMapped,1
4df72502-1602-4c4a-9307-cbd1859a624d,ValueTraced,1
4df72502-1602-4c4a-9307-cbd1859a624d,VmCompleted,1
4df72502-1602-4c4a-9307-cbd1859a624d,VmStarted,1
5438db35-4228-49e9-873e-4eb2a5ecc0b7,A2AAgentExecutionDisabled,1
5438db35-4228-49e9-873e-4eb2a5ecc0b7,A2ABridgeContractDeclared,1
5438db35-4228-49e9-873e-4eb2a5ecc0b7,A2ABridgeNetworkDenied,1
5438db35-4228-49e9-873e-4eb2a5ecc0b7,A2ABridgeRuntimeDisabled,1
5438db35-4228-49e9-873e-4eb2a5ecc0b7,ATrustEvidenceMapCoverageRequired,1
5438db35-4228-49e9-873e-4eb2a5ecc0b7,ATrustEvidenceMapDeclared,1
5438db35-4228-49e9-873e-4eb2a5ecc0b7,ATrustEvidenceMapLinksValidated,1
5438db35-4228-49e9-873e-4eb2a5ecc0b7,ATrustEvidenceMapRuntimeDisabled,1
5438db35-4228-49e9-873e-4eb2a5ecc0b7,ATrustEvidenceMapSecurityClaimsDenied,1
5438db35-4228-49e9-873e-4eb2a5ecc0b7,AgentDeclared,2
5438db35-4228-49e9-873e-4eb2a5ecc0b7,BridgeSecurityClaimsDenied,2
5438db35-4228-49e9-873e-4eb2a5ecc0b7,CapabilityDeclared,1
5438db35-4228-49e9-873e-4eb2a5ecc0b7,ExternalProviderExecutionBlocked,1
5438db35-4228-49e9-873e-4eb2a5ecc0b7,GovernanceControlsMapped,1
5438db35-4228-49e9-873e-4eb2a5ecc0b7,GovernanceProfileDeclared,1
5438db35-4228-49e9-873e-4eb2a5ecc0b7,GovernanceRuntimeDisabled,1
5438db35-4228-49e9-873e-4eb2a5ecc0b7,GovernanceSecurityClaimsDenied,1
5438db35-4228-49e9-873e-4eb2a5ecc0b7,HandlerExecuted,1
5438db35-4228-49e9-873e-4eb2a5ecc0b7,LegalCertificationDenied,2
5438db35-4228-49e9-873e-4eb2a5ecc0b7,McpBridgeContractDeclared,1
5438db35-4228-49e9-873e-4eb2a5ecc0b7,McpBridgeNetworkDenied,1
5438db35-4228-49e9-873e-4eb2a5ecc0b7,McpBridgeRuntimeDisabled,1
5438db35-4228-49e9-873e-4eb2a5ecc0b7,McpBridgeToolExecutionDisabled,1
5438db35-4228-49e9-873e-4eb2a5ecc0b7,MessageDelivered,1
5438db35-4228-49e9-873e-4eb2a5ecc0b7,MessageProcessed,1
5438db35-4228-49e9-873e-4eb2a5ecc0b7,MessageScheduled,1
5438db35-4228-49e9-873e-4eb2a5ecc0b7,MitigationsMapped,1
5438db35-4228-49e9-873e-4eb2a5ecc0b7,PolicyActionActivated,2
5438db35-4228-49e9-873e-4eb2a5ecc0b7,PolicyDeclared,6
5438db35-4228-49e9-873e-4eb2a5ecc0b7,PolicyEvaluated,142
5438db35-4228-49e9-873e-4eb2a5ecc0b7,PolicyReportGenerated,1
5438db35-4228-49e9-873e-4eb2a5ecc0b7,PolicyViolation,44
5438db35-4228-49e9-873e-4eb2a5ecc0b7,ProviderContractDeclared,1
5438db35-4228-49e9-873e-4eb2a5ecc0b7,ProviderContractValidated,1
5438db35-4228-49e9-873e-4eb2a5ecc0b7,ProviderReferencesRedacted,1
5438db35-4228-49e9-873e-4eb2a5ecc0b7,ProviderRegistered,1
5438db35-4228-49e9-873e-4eb2a5ecc0b7,PublicConformanceArtifactsMapped,1
5438db35-4228-49e9-873e-4eb2a5ecc0b7,PublicConformanceReplayDeclared,1
5438db35-4228-49e9-873e-4eb2a5ecc0b7,PublicConformanceReportDeclared,1
5438db35-4228-49e9-873e-4eb2a5ecc0b7,PublicConformanceRuntimeDisabled,2
5438db35-4228-49e9-873e-4eb2a5ecc0b7,PublicConformanceSecurityClaimsDenied,2
5438db35-4228-49e9-873e-4eb2a5ecc0b7,RegulatoryMappingDeclared,1
5438db35-4228-49e9-873e-4eb2a5ecc0b7,RegulatoryObligationsMapped,1
5438db35-4228-49e9-873e-4eb2a5ecc0b7,ReleaseCandidateArtifactsMapped,1
5438db35-4228-49e9-873e-4eb2a5ecc0b7,ReleaseCandidateCompatibilityMapped,1
5438db35-4228-49e9-873e-4eb2a5ecc0b7,ReleaseCandidateDeclared,1
5438db35-4228-49e9-873e-4eb2a5ecc0b7,ReleaseCandidateRuntimeDisabled,1
5438db35-4228-49e9-873e-4eb2a5ecc0b7,ReleaseCandidateSecurityClaimsDenied,1
5438db35-4228-49e9-873e-4eb2a5ecc0b7,RemoteVerificationDenied,1
5438db35-4228-49e9-873e-4eb2a5ecc0b7,RuntimeDenyByDefaultDeclared,1
5438db35-4228-49e9-873e-4eb2a5ecc0b7,RuntimeExecutionDisabled,1
5438db35-4228-49e9-873e-4eb2a5ecc0b7,RuntimeExecutionProfileDeclared,1
5438db35-4228-49e9-873e-4eb2a5ecc0b7,RuntimeHardeningProfileDeclared,1
5438db35-4228-49e9-873e-4eb2a5ecc0b7,RuntimeNetworkDenied,1
5438db35-4228-49e9-873e-4eb2a5ecc0b7,RuntimeProfileGuardsValidated,1
5438db35-4228-49e9-873e-4eb2a5ecc0b7,RuntimeSandboxRequired,1
5438db35-4228-49e9-873e-4eb2a5ecc0b7,RuntimeSecretsDenied,1
5438db35-4228-49e9-873e-4eb2a5ecc0b7,SandboxedProviderAdapterDeclared,1
5438db35-4228-49e9-873e-4eb2a5ecc0b7,SpecFreezeCompatibilityDeclared,1
5438db35-4228-49e9-873e-4eb2a5ecc0b7,SpecFreezeDeclared,1
5438db35-4228-49e9-873e-4eb2a5ecc0b7,SpecFreezeRuntimeDisabled,1
5438db35-4228-49e9-873e-4eb2a5ecc0b7,ThirdPartyVerifierDeclared,1
5438db35-4228-49e9-873e-4eb2a5ecc0b7,ThreatAssetsMapped,1
5438db35-4228-49e9-873e-4eb2a5ecc0b7,ThreatModelDeclared,1
5438db35-4228-49e9-873e-4eb2a5ecc0b7,ThreatModelRuntimeDisabled,1
5438db35-4228-49e9-873e-4eb2a5ecc0b7,ThreatModelSecurityClaimsDenied,1
5438db35-4228-49e9-873e-4eb2a5ecc0b7,ThreatsMapped,1
5438db35-4228-49e9-873e-4eb2a5ecc0b7,ValueTraced,1
5438db35-4228-49e9-873e-4eb2a5ecc0b7,VmCompleted,1
5438db35-4228-49e9-873e-4eb2a5ecc0b7,VmStarted,1
58255dfd-e5e0-4f9f-9abd-197febce4e5f,A2AAgentExecutionDisabled,1
58255dfd-e5e0-4f9f-9abd-197febce4e5f,A2ABridgeContractDeclared,1
58255dfd-e5e0-4f9f-9abd-197febce4e5f,A2ABridgeNetworkDenied,1
58255dfd-e5e0-4f9f-9abd-197febce4e5f,A2ABridgeRuntimeDisabled,1
58255dfd-e5e0-4f9f-9abd-197febce4e5f,ATrustEvidenceMapCoverageRequired,1
58255dfd-e5e0-4f9f-9abd-197febce4e5f,ATrustEvidenceMapDeclared,1
58255dfd-e5e0-4f9f-9abd-197febce4e5f,ATrustEvidenceMapLinksValidated,1
58255dfd-e5e0-4f9f-9abd-197febce4e5f,ATrustEvidenceMapRuntimeDisabled,1
58255dfd-e5e0-4f9f-9abd-197febce4e5f,ATrustEvidenceMapSecurityClaimsDenied,1
58255dfd-e5e0-4f9f-9abd-197febce4e5f,AgentDeclared,2
58255dfd-e5e0-4f9f-9abd-197febce4e5f,BridgeSecurityClaimsDenied,2
58255dfd-e5e0-4f9f-9abd-197febce4e5f,CapabilityDeclared,1
58255dfd-e5e0-4f9f-9abd-197febce4e5f,ExternalProviderExecutionBlocked,1
58255dfd-e5e0-4f9f-9abd-197febce4e5f,GovernanceControlsMapped,1
58255dfd-e5e0-4f9f-9abd-197febce4e5f,GovernanceProfileDeclared,1
58255dfd-e5e0-4f9f-9abd-197febce4e5f,GovernanceRuntimeDisabled,1
58255dfd-e5e0-4f9f-9abd-197febce4e5f,GovernanceSecurityClaimsDenied,1
58255dfd-e5e0-4f9f-9abd-197febce4e5f,HandlerExecuted,1
58255dfd-e5e0-4f9f-9abd-197febce4e5f,LegalCertificationDenied,2
58255dfd-e5e0-4f9f-9abd-197febce4e5f,McpBridgeContractDeclared,1
58255dfd-e5e0-4f9f-9abd-197febce4e5f,McpBridgeNetworkDenied,1
58255dfd-e5e0-4f9f-9abd-197febce4e5f,McpBridgeRuntimeDisabled,1
58255dfd-e5e0-4f9f-9abd-197febce4e5f,McpBridgeToolExecutionDisabled,1
58255dfd-e5e0-4f9f-9abd-197febce4e5f,MessageDelivered,1
58255dfd-e5e0-4f9f-9abd-197febce4e5f,MessageProcessed,1
58255dfd-e5e0-4f9f-9abd-197febce4e5f,MessageScheduled,1
58255dfd-e5e0-4f9f-9abd-197febce4e5f,MitigationsMapped,1
58255dfd-e5e0-4f9f-9abd-197febce4e5f,PolicyActionActivated,2
58255dfd-e5e0-4f9f-9abd-197febce4e5f,PolicyDeclared,6
58255dfd-e5e0-4f9f-9abd-197febce4e5f,PolicyEvaluated,142
58255dfd-e5e0-4f9f-9abd-197febce4e5f,PolicyReportGenerated,1
58255dfd-e5e0-4f9f-9abd-197febce4e5f,PolicyViolation,44
58255dfd-e5e0-4f9f-9abd-197febce4e5f,ProviderContractDeclared,1
58255dfd-e5e0-4f9f-9abd-197febce4e5f,ProviderContractValidated,1
58255dfd-e5e0-4f9f-9abd-197febce4e5f,ProviderReferencesRedacted,1
58255dfd-e5e0-4f9f-9abd-197febce4e5f,ProviderRegistered,1
58255dfd-e5e0-4f9f-9abd-197febce4e5f,PublicConformanceArtifactsMapped,1
58255dfd-e5e0-4f9f-9abd-197febce4e5f,PublicConformanceReplayDeclared,1
58255dfd-e5e0-4f9f-9abd-197febce4e5f,PublicConformanceReportDeclared,1
58255dfd-e5e0-4f9f-9abd-197febce4e5f,PublicConformanceRuntimeDisabled,2
58255dfd-e5e0-4f9f-9abd-197febce4e5f,PublicConformanceSecurityClaimsDenied,2
58255dfd-e5e0-4f9f-9abd-197febce4e5f,RegulatoryMappingDeclared,1
58255dfd-e5e0-4f9f-9abd-197febce4e5f,RegulatoryObligationsMapped,1
58255dfd-e5e0-4f9f-9abd-197febce4e5f,ReleaseCandidateArtifactsMapped,1
58255dfd-e5e0-4f9f-9abd-197febce4e5f,ReleaseCandidateCompatibilityMapped,1
58255dfd-e5e0-4f9f-9abd-197febce4e5f,ReleaseCandidateDeclared,1
58255dfd-e5e0-4f9f-9abd-197febce4e5f,ReleaseCandidateRuntimeDisabled,1
58255dfd-e5e0-4f9f-9abd-197febce4e5f,ReleaseCandidateSecurityClaimsDenied,1
58255dfd-e5e0-4f9f-9abd-197febce4e5f,RemoteVerificationDenied,1
58255dfd-e5e0-4f9f-9abd-197febce4e5f,RuntimeDenyByDefaultDeclared,1
58255dfd-e5e0-4f9f-9abd-197febce4e5f,RuntimeExecutionDisabled,1
58255dfd-e5e0-4f9f-9abd-197febce4e5f,RuntimeExecutionProfileDeclared,1
58255dfd-e5e0-4f9f-9abd-197febce4e5f,RuntimeHardeningProfileDeclared,1
58255dfd-e5e0-4f9f-9abd-197febce4e5f,RuntimeNetworkDenied,1
58255dfd-e5e0-4f9f-9abd-197febce4e5f,RuntimeProfileGuardsValidated,1
58255dfd-e5e0-4f9f-9abd-197febce4e5f,RuntimeSandboxRequired,1
58255dfd-e5e0-4f9f-9abd-197febce4e5f,RuntimeSecretsDenied,1
58255dfd-e5e0-4f9f-9abd-197febce4e5f,SandboxedProviderAdapterDeclared,1
58255dfd-e5e0-4f9f-9abd-197febce4e5f,SpecFreezeCompatibilityDeclared,1
58255dfd-e5e0-4f9f-9abd-197febce4e5f,SpecFreezeDeclared,1
58255dfd-e5e0-4f9f-9abd-197febce4e5f,SpecFreezeRuntimeDisabled,1
58255dfd-e5e0-4f9f-9abd-197febce4e5f,ThirdPartyVerifierDeclared,1
58255dfd-e5e0-4f9f-9abd-197febce4e5f,ThreatAssetsMapped,1
58255dfd-e5e0-4f9f-9abd-197febce4e5f,ThreatModelDeclared,1
58255dfd-e5e0-4f9f-9abd-197febce4e5f,ThreatModelRuntimeDisabled,1
58255dfd-e5e0-4f9f-9abd-197febce4e5f,ThreatModelSecurityClaimsDenied,1
58255dfd-e5e0-4f9f-9abd-197febce4e5f,ThreatsMapped,1
58255dfd-e5e0-4f9f-9abd-197febce4e5f,ValueTraced,1
58255dfd-e5e0-4f9f-9abd-197febce4e5f,VmCompleted,1
58255dfd-e5e0-4f9f-9abd-197febce4e5f,VmStarted,1
5a080a8e-e3bb-4103-a479-0d7ed0899b5f,A2AAgentExecutionDisabled,1
5a080a8e-e3bb-4103-a479-0d7ed0899b5f,A2ABridgeContractDeclared,1
5a080a8e-e3bb-4103-a479-0d7ed0899b5f,A2ABridgeNetworkDenied,1
5a080a8e-e3bb-4103-a479-0d7ed0899b5f,A2ABridgeRuntimeDisabled,1
5a080a8e-e3bb-4103-a479-0d7ed0899b5f,ATrustEvidenceMapCoverageRequired,1
5a080a8e-e3bb-4103-a479-0d7ed0899b5f,ATrustEvidenceMapDeclared,1
5a080a8e-e3bb-4103-a479-0d7ed0899b5f,ATrustEvidenceMapLinksValidated,1
5a080a8e-e3bb-4103-a479-0d7ed0899b5f,ATrustEvidenceMapRuntimeDisabled,1
5a080a8e-e3bb-4103-a479-0d7ed0899b5f,ATrustEvidenceMapSecurityClaimsDenied,1
5a080a8e-e3bb-4103-a479-0d7ed0899b5f,AgentDeclared,2
5a080a8e-e3bb-4103-a479-0d7ed0899b5f,BridgeSecurityClaimsDenied,2
5a080a8e-e3bb-4103-a479-0d7ed0899b5f,CapabilityDeclared,1
5a080a8e-e3bb-4103-a479-0d7ed0899b5f,ExternalProviderExecutionBlocked,1
5a080a8e-e3bb-4103-a479-0d7ed0899b5f,GovernanceControlsMapped,1
5a080a8e-e3bb-4103-a479-0d7ed0899b5f,GovernanceProfileDeclared,1
5a080a8e-e3bb-4103-a479-0d7ed0899b5f,GovernanceRuntimeDisabled,1
5a080a8e-e3bb-4103-a479-0d7ed0899b5f,GovernanceSecurityClaimsDenied,1
5a080a8e-e3bb-4103-a479-0d7ed0899b5f,HandlerExecuted,1
5a080a8e-e3bb-4103-a479-0d7ed0899b5f,LegalCertificationDenied,2
5a080a8e-e3bb-4103-a479-0d7ed0899b5f,McpBridgeContractDeclared,1
5a080a8e-e3bb-4103-a479-0d7ed0899b5f,McpBridgeNetworkDenied,1
5a080a8e-e3bb-4103-a479-0d7ed0899b5f,McpBridgeRuntimeDisabled,1
5a080a8e-e3bb-4103-a479-0d7ed0899b5f,McpBridgeToolExecutionDisabled,1
5a080a8e-e3bb-4103-a479-0d7ed0899b5f,MessageDelivered,1
5a080a8e-e3bb-4103-a479-0d7ed0899b5f,MessageProcessed,1
5a080a8e-e3bb-4103-a479-0d7ed0899b5f,MessageScheduled,1
5a080a8e-e3bb-4103-a479-0d7ed0899b5f,MitigationsMapped,1
5a080a8e-e3bb-4103-a479-0d7ed0899b5f,PolicyActionActivated,2
5a080a8e-e3bb-4103-a479-0d7ed0899b5f,PolicyDeclared,6
5a080a8e-e3bb-4103-a479-0d7ed0899b5f,PolicyEvaluated,142
5a080a8e-e3bb-4103-a479-0d7ed0899b5f,PolicyReportGenerated,1
5a080a8e-e3bb-4103-a479-0d7ed0899b5f,PolicyViolation,44
5a080a8e-e3bb-4103-a479-0d7ed0899b5f,ProviderContractDeclared,1
5a080a8e-e3bb-4103-a479-0d7ed0899b5f,ProviderContractValidated,1
5a080a8e-e3bb-4103-a479-0d7ed0899b5f,ProviderReferencesRedacted,1
5a080a8e-e3bb-4103-a479-0d7ed0899b5f,ProviderRegistered,1
5a080a8e-e3bb-4103-a479-0d7ed0899b5f,PublicConformanceArtifactsMapped,1
5a080a8e-e3bb-4103-a479-0d7ed0899b5f,PublicConformanceReplayDeclared,1
5a080a8e-e3bb-4103-a479-0d7ed0899b5f,PublicConformanceReportDeclared,1
5a080a8e-e3bb-4103-a479-0d7ed0899b5f,PublicConformanceRuntimeDisabled,2
5a080a8e-e3bb-4103-a479-0d7ed0899b5f,PublicConformanceSecurityClaimsDenied,2
5a080a8e-e3bb-4103-a479-0d7ed0899b5f,RegulatoryMappingDeclared,1
5a080a8e-e3bb-4103-a479-0d7ed0899b5f,RegulatoryObligationsMapped,1
5a080a8e-e3bb-4103-a479-0d7ed0899b5f,ReleaseCandidateArtifactsMapped,1
5a080a8e-e3bb-4103-a479-0d7ed0899b5f,ReleaseCandidateCompatibilityMapped,1
5a080a8e-e3bb-4103-a479-0d7ed0899b5f,ReleaseCandidateDeclared,1
5a080a8e-e3bb-4103-a479-0d7ed0899b5f,ReleaseCandidateRuntimeDisabled,1
5a080a8e-e3bb-4103-a479-0d7ed0899b5f,ReleaseCandidateSecurityClaimsDenied,1
5a080a8e-e3bb-4103-a479-0d7ed0899b5f,RemoteVerificationDenied,1
5a080a8e-e3bb-4103-a479-0d7ed0899b5f,RuntimeDenyByDefaultDeclared,1
5a080a8e-e3bb-4103-a479-0d7ed0899b5f,RuntimeExecutionDisabled,1
5a080a8e-e3bb-4103-a479-0d7ed0899b5f,RuntimeExecutionProfileDeclared,1
5a080a8e-e3bb-4103-a479-0d7ed0899b5f,RuntimeHardeningProfileDeclared,1
5a080a8e-e3bb-4103-a479-0d7ed0899b5f,RuntimeNetworkDenied,1
5a080a8e-e3bb-4103-a479-0d7ed0899b5f,RuntimeProfileGuardsValidated,1
5a080a8e-e3bb-4103-a479-0d7ed0899b5f,RuntimeSandboxRequired,1
5a080a8e-e3bb-4103-a479-0d7ed0899b5f,RuntimeSecretsDenied,1
5a080a8e-e3bb-4103-a479-0d7ed0899b5f,SandboxedProviderAdapterDeclared,1
5a080a8e-e3bb-4103-a479-0d7ed0899b5f,SpecFreezeCompatibilityDeclared,1
5a080a8e-e3bb-4103-a479-0d7ed0899b5f,SpecFreezeDeclared,1
5a080a8e-e3bb-4103-a479-0d7ed0899b5f,SpecFreezeRuntimeDisabled,1
5a080a8e-e3bb-4103-a479-0d7ed0899b5f,ThirdPartyVerifierDeclared,1
5a080a8e-e3bb-4103-a479-0d7ed0899b5f,ThreatAssetsMapped,1
5a080a8e-e3bb-4103-a479-0d7ed0899b5f,ThreatModelDeclared,1
5a080a8e-e3bb-4103-a479-0d7ed0899b5f,ThreatModelRuntimeDisabled,1
5a080a8e-e3bb-4103-a479-0d7ed0899b5f,ThreatModelSecurityClaimsDenied,1
5a080a8e-e3bb-4103-a479-0d7ed0899b5f,ThreatsMapped,1
5a080a8e-e3bb-4103-a479-0d7ed0899b5f,ValueTraced,1
5a080a8e-e3bb-4103-a479-0d7ed0899b5f,VmCompleted,1
5a080a8e-e3bb-4103-a479-0d7ed0899b5f,VmStarted,1
5c89f359-95c8-4604-8f9b-3f00260f29de,A2AAgentExecutionDisabled,1
5c89f359-95c8-4604-8f9b-3f00260f29de,A2ABridgeContractDeclared,1
5c89f359-95c8-4604-8f9b-3f00260f29de,A2ABridgeNetworkDenied,1
5c89f359-95c8-4604-8f9b-3f00260f29de,A2ABridgeRuntimeDisabled,1
5c89f359-95c8-4604-8f9b-3f00260f29de,ATrustEvidenceMapCoverageRequired,1
5c89f359-95c8-4604-8f9b-3f00260f29de,ATrustEvidenceMapDeclared,1
5c89f359-95c8-4604-8f9b-3f00260f29de,ATrustEvidenceMapLinksValidated,1
5c89f359-95c8-4604-8f9b-3f00260f29de,ATrustEvidenceMapRuntimeDisabled,1
5c89f359-95c8-4604-8f9b-3f00260f29de,ATrustEvidenceMapSecurityClaimsDenied,1
5c89f359-95c8-4604-8f9b-3f00260f29de,AgentDeclared,2
5c89f359-95c8-4604-8f9b-3f00260f29de,BridgeSecurityClaimsDenied,2
5c89f359-95c8-4604-8f9b-3f00260f29de,CapabilityDeclared,1
5c89f359-95c8-4604-8f9b-3f00260f29de,ExternalProviderExecutionBlocked,1
5c89f359-95c8-4604-8f9b-3f00260f29de,GovernanceControlsMapped,1
5c89f359-95c8-4604-8f9b-3f00260f29de,GovernanceProfileDeclared,1
5c89f359-95c8-4604-8f9b-3f00260f29de,GovernanceRuntimeDisabled,1
5c89f359-95c8-4604-8f9b-3f00260f29de,GovernanceSecurityClaimsDenied,1
5c89f359-95c8-4604-8f9b-3f00260f29de,HandlerExecuted,1
5c89f359-95c8-4604-8f9b-3f00260f29de,LegalCertificationDenied,2
5c89f359-95c8-4604-8f9b-3f00260f29de,McpBridgeContractDeclared,1
5c89f359-95c8-4604-8f9b-3f00260f29de,McpBridgeNetworkDenied,1
5c89f359-95c8-4604-8f9b-3f00260f29de,McpBridgeRuntimeDisabled,1
5c89f359-95c8-4604-8f9b-3f00260f29de,McpBridgeToolExecutionDisabled,1
5c89f359-95c8-4604-8f9b-3f00260f29de,MessageDelivered,1
5c89f359-95c8-4604-8f9b-3f00260f29de,MessageProcessed,1
5c89f359-95c8-4604-8f9b-3f00260f29de,MessageScheduled,1
5c89f359-95c8-4604-8f9b-3f00260f29de,MitigationsMapped,1
5c89f359-95c8-4604-8f9b-3f00260f29de,PolicyActionActivated,2
5c89f359-95c8-4604-8f9b-3f00260f29de,PolicyDeclared,6
5c89f359-95c8-4604-8f9b-3f00260f29de,PolicyEvaluated,142
5c89f359-95c8-4604-8f9b-3f00260f29de,PolicyReportGenerated,1
5c89f359-95c8-4604-8f9b-3f00260f29de,PolicyViolation,44
5c89f359-95c8-4604-8f9b-3f00260f29de,ProviderContractDeclared,1
5c89f359-95c8-4604-8f9b-3f00260f29de,ProviderContractValidated,1
5c89f359-95c8-4604-8f9b-3f00260f29de,ProviderReferencesRedacted,1
5c89f359-95c8-4604-8f9b-3f00260f29de,ProviderRegistered,1
5c89f359-95c8-4604-8f9b-3f00260f29de,PublicConformanceArtifactsMapped,1
5c89f359-95c8-4604-8f9b-3f00260f29de,PublicConformanceReplayDeclared,1
5c89f359-95c8-4604-8f9b-3f00260f29de,PublicConformanceReportDeclared,1
5c89f359-95c8-4604-8f9b-3f00260f29de,PublicConformanceRuntimeDisabled,2
5c89f359-95c8-4604-8f9b-3f00260f29de,PublicConformanceSecurityClaimsDenied,2
5c89f359-95c8-4604-8f9b-3f00260f29de,RegulatoryMappingDeclared,1
5c89f359-95c8-4604-8f9b-3f00260f29de,RegulatoryObligationsMapped,1
5c89f359-95c8-4604-8f9b-3f00260f29de,ReleaseCandidateArtifactsMapped,1
5c89f359-95c8-4604-8f9b-3f00260f29de,ReleaseCandidateCompatibilityMapped,1
5c89f359-95c8-4604-8f9b-3f00260f29de,ReleaseCandidateDeclared,1
5c89f359-95c8-4604-8f9b-3f00260f29de,ReleaseCandidateRuntimeDisabled,1
5c89f359-95c8-4604-8f9b-3f00260f29de,ReleaseCandidateSecurityClaimsDenied,1
5c89f359-95c8-4604-8f9b-3f00260f29de,RemoteVerificationDenied,1
5c89f359-95c8-4604-8f9b-3f00260f29de,RuntimeDenyByDefaultDeclared,1
5c89f359-95c8-4604-8f9b-3f00260f29de,RuntimeExecutionDisabled,1
5c89f359-95c8-4604-8f9b-3f00260f29de,RuntimeExecutionProfileDeclared,1
5c89f359-95c8-4604-8f9b-3f00260f29de,RuntimeHardeningProfileDeclared,1
5c89f359-95c8-4604-8f9b-3f00260f29de,RuntimeNetworkDenied,1
5c89f359-95c8-4604-8f9b-3f00260f29de,RuntimeProfileGuardsValidated,1
5c89f359-95c8-4604-8f9b-3f00260f29de,RuntimeSandboxRequired,1
5c89f359-95c8-4604-8f9b-3f00260f29de,RuntimeSecretsDenied,1
5c89f359-95c8-4604-8f9b-3f00260f29de,SandboxedProviderAdapterDeclared,1
5c89f359-95c8-4604-8f9b-3f00260f29de,SpecFreezeCompatibilityDeclared,1
5c89f359-95c8-4604-8f9b-3f00260f29de,SpecFreezeDeclared,1
5c89f359-95c8-4604-8f9b-3f00260f29de,SpecFreezeRuntimeDisabled,1
5c89f359-95c8-4604-8f9b-3f00260f29de,ThirdPartyVerifierDeclared,1
5c89f359-95c8-4604-8f9b-3f00260f29de,ThreatAssetsMapped,1
5c89f359-95c8-4604-8f9b-3f00260f29de,ThreatModelDeclared,1
5c89f359-95c8-4604-8f9b-3f00260f29de,ThreatModelRuntimeDisabled,1
5c89f359-95c8-4604-8f9b-3f00260f29de,ThreatModelSecurityClaimsDenied,1
5c89f359-95c8-4604-8f9b-3f00260f29de,ThreatsMapped,1
5c89f359-95c8-4604-8f9b-3f00260f29de,ValueTraced,1
5c89f359-95c8-4604-8f9b-3f00260f29de,VmCompleted,1
5c89f359-95c8-4604-8f9b-3f00260f29de,VmStarted,1
61802dbb-fa95-4d03-bb9a-7f123e75e76b,A2AAgentExecutionDisabled,1
61802dbb-fa95-4d03-bb9a-7f123e75e76b,A2ABridgeContractDeclared,1
61802dbb-fa95-4d03-bb9a-7f123e75e76b,A2ABridgeNetworkDenied,1
61802dbb-fa95-4d03-bb9a-7f123e75e76b,A2ABridgeRuntimeDisabled,1
61802dbb-fa95-4d03-bb9a-7f123e75e76b,ATrustEvidenceMapCoverageRequired,1
61802dbb-fa95-4d03-bb9a-7f123e75e76b,ATrustEvidenceMapDeclared,1
61802dbb-fa95-4d03-bb9a-7f123e75e76b,ATrustEvidenceMapLinksValidated,1
61802dbb-fa95-4d03-bb9a-7f123e75e76b,ATrustEvidenceMapRuntimeDisabled,1
61802dbb-fa95-4d03-bb9a-7f123e75e76b,ATrustEvidenceMapSecurityClaimsDenied,1
61802dbb-fa95-4d03-bb9a-7f123e75e76b,AgentDeclared,2
61802dbb-fa95-4d03-bb9a-7f123e75e76b,BridgeSecurityClaimsDenied,2
61802dbb-fa95-4d03-bb9a-7f123e75e76b,CapabilityDeclared,1
61802dbb-fa95-4d03-bb9a-7f123e75e76b,ExternalProviderExecutionBlocked,1
61802dbb-fa95-4d03-bb9a-7f123e75e76b,GovernanceControlsMapped,1
61802dbb-fa95-4d03-bb9a-7f123e75e76b,GovernanceProfileDeclared,1
61802dbb-fa95-4d03-bb9a-7f123e75e76b,GovernanceRuntimeDisabled,1
61802dbb-fa95-4d03-bb9a-7f123e75e76b,GovernanceSecurityClaimsDenied,1
61802dbb-fa95-4d03-bb9a-7f123e75e76b,HandlerExecuted,1
61802dbb-fa95-4d03-bb9a-7f123e75e76b,LegalCertificationDenied,2
61802dbb-fa95-4d03-bb9a-7f123e75e76b,McpBridgeContractDeclared,1
61802dbb-fa95-4d03-bb9a-7f123e75e76b,McpBridgeNetworkDenied,1
61802dbb-fa95-4d03-bb9a-7f123e75e76b,McpBridgeRuntimeDisabled,1
61802dbb-fa95-4d03-bb9a-7f123e75e76b,McpBridgeToolExecutionDisabled,1
61802dbb-fa95-4d03-bb9a-7f123e75e76b,MessageDelivered,1
61802dbb-fa95-4d03-bb9a-7f123e75e76b,MessageProcessed,1
61802dbb-fa95-4d03-bb9a-7f123e75e76b,MessageScheduled,1
61802dbb-fa95-4d03-bb9a-7f123e75e76b,MitigationsMapped,1
61802dbb-fa95-4d03-bb9a-7f123e75e76b,PolicyActionActivated,2
61802dbb-fa95-4d03-bb9a-7f123e75e76b,PolicyDeclared,6
61802dbb-fa95-4d03-bb9a-7f123e75e76b,PolicyEvaluated,142
61802dbb-fa95-4d03-bb9a-7f123e75e76b,PolicyReportGenerated,1
61802dbb-fa95-4d03-bb9a-7f123e75e76b,PolicyViolation,44
61802dbb-fa95-4d03-bb9a-7f123e75e76b,ProviderContractDeclared,1
61802dbb-fa95-4d03-bb9a-7f123e75e76b,ProviderContractValidated,1
61802dbb-fa95-4d03-bb9a-7f123e75e76b,ProviderReferencesRedacted,1
61802dbb-fa95-4d03-bb9a-7f123e75e76b,ProviderRegistered,1
61802dbb-fa95-4d03-bb9a-7f123e75e76b,PublicConformanceArtifactsMapped,1
61802dbb-fa95-4d03-bb9a-7f123e75e76b,PublicConformanceReplayDeclared,1
61802dbb-fa95-4d03-bb9a-7f123e75e76b,PublicConformanceReportDeclared,1
61802dbb-fa95-4d03-bb9a-7f123e75e76b,PublicConformanceRuntimeDisabled,2
61802dbb-fa95-4d03-bb9a-7f123e75e76b,PublicConformanceSecurityClaimsDenied,2
61802dbb-fa95-4d03-bb9a-7f123e75e76b,RegulatoryMappingDeclared,1
61802dbb-fa95-4d03-bb9a-7f123e75e76b,RegulatoryObligationsMapped,1
61802dbb-fa95-4d03-bb9a-7f123e75e76b,ReleaseCandidateArtifactsMapped,1
61802dbb-fa95-4d03-bb9a-7f123e75e76b,ReleaseCandidateCompatibilityMapped,1
61802dbb-fa95-4d03-bb9a-7f123e75e76b,ReleaseCandidateDeclared,1
61802dbb-fa95-4d03-bb9a-7f123e75e76b,ReleaseCandidateRuntimeDisabled,1
61802dbb-fa95-4d03-bb9a-7f123e75e76b,ReleaseCandidateSecurityClaimsDenied,1
61802dbb-fa95-4d03-bb9a-7f123e75e76b,RemoteVerificationDenied,1
61802dbb-fa95-4d03-bb9a-7f123e75e76b,RuntimeDenyByDefaultDeclared,1
61802dbb-fa95-4d03-bb9a-7f123e75e76b,RuntimeExecutionDisabled,1
61802dbb-fa95-4d03-bb9a-7f123e75e76b,RuntimeExecutionProfileDeclared,1
61802dbb-fa95-4d03-bb9a-7f123e75e76b,RuntimeHardeningProfileDeclared,1
61802dbb-fa95-4d03-bb9a-7f123e75e76b,RuntimeNetworkDenied,1
61802dbb-fa95-4d03-bb9a-7f123e75e76b,RuntimeProfileGuardsValidated,1
61802dbb-fa95-4d03-bb9a-7f123e75e76b,RuntimeSandboxRequired,1
61802dbb-fa95-4d03-bb9a-7f123e75e76b,RuntimeSecretsDenied,1
61802dbb-fa95-4d03-bb9a-7f123e75e76b,SandboxedProviderAdapterDeclared,1
61802dbb-fa95-4d03-bb9a-7f123e75e76b,SpecFreezeCompatibilityDeclared,1
61802dbb-fa95-4d03-bb9a-7f123e75e76b,SpecFreezeDeclared,1
61802dbb-fa95-4d03-bb9a-7f123e75e76b,SpecFreezeRuntimeDisabled,1
61802dbb-fa95-4d03-bb9a-7f123e75e76b,ThirdPartyVerifierDeclared,1
61802dbb-fa95-4d03-bb9a-7f123e75e76b,ThreatAssetsMapped,1
61802dbb-fa95-4d03-bb9a-7f123e75e76b,ThreatModelDeclared,1
61802dbb-fa95-4d03-bb9a-7f123e75e76b,ThreatModelRuntimeDisabled,1
61802dbb-fa95-4d03-bb9a-7f123e75e76b,ThreatModelSecurityClaimsDenied,1
61802dbb-fa95-4d03-bb9a-7f123e75e76b,ThreatsMapped,1
61802dbb-fa95-4d03-bb9a-7f123e75e76b,ValueTraced,1
61802dbb-fa95-4d03-bb9a-7f123e75e76b,VmCompleted,1
61802dbb-fa95-4d03-bb9a-7f123e75e76b,VmStarted,1
755f58d1-77a1-4866-829d-6f25e8fc7cd0,A2AAgentExecutionDisabled,1
755f58d1-77a1-4866-829d-6f25e8fc7cd0,A2ABridgeContractDeclared,1
755f58d1-77a1-4866-829d-6f25e8fc7cd0,A2ABridgeNetworkDenied,1
755f58d1-77a1-4866-829d-6f25e8fc7cd0,A2ABridgeRuntimeDisabled,1
755f58d1-77a1-4866-829d-6f25e8fc7cd0,ATrustEvidenceMapCoverageRequired,1
755f58d1-77a1-4866-829d-6f25e8fc7cd0,ATrustEvidenceMapDeclared,1
755f58d1-77a1-4866-829d-6f25e8fc7cd0,ATrustEvidenceMapLinksValidated,1
755f58d1-77a1-4866-829d-6f25e8fc7cd0,ATrustEvidenceMapRuntimeDisabled,1
755f58d1-77a1-4866-829d-6f25e8fc7cd0,ATrustEvidenceMapSecurityClaimsDenied,1
755f58d1-77a1-4866-829d-6f25e8fc7cd0,AgentDeclared,2
755f58d1-77a1-4866-829d-6f25e8fc7cd0,BridgeSecurityClaimsDenied,2
755f58d1-77a1-4866-829d-6f25e8fc7cd0,CapabilityDeclared,1
755f58d1-77a1-4866-829d-6f25e8fc7cd0,ExternalProviderExecutionBlocked,1
755f58d1-77a1-4866-829d-6f25e8fc7cd0,GovernanceControlsMapped,1
755f58d1-77a1-4866-829d-6f25e8fc7cd0,GovernanceProfileDeclared,1
755f58d1-77a1-4866-829d-6f25e8fc7cd0,GovernanceRuntimeDisabled,1
755f58d1-77a1-4866-829d-6f25e8fc7cd0,GovernanceSecurityClaimsDenied,1
755f58d1-77a1-4866-829d-6f25e8fc7cd0,HandlerExecuted,1
755f58d1-77a1-4866-829d-6f25e8fc7cd0,LegalCertificationDenied,2
755f58d1-77a1-4866-829d-6f25e8fc7cd0,McpBridgeContractDeclared,1
755f58d1-77a1-4866-829d-6f25e8fc7cd0,McpBridgeNetworkDenied,1
755f58d1-77a1-4866-829d-6f25e8fc7cd0,McpBridgeRuntimeDisabled,1
755f58d1-77a1-4866-829d-6f25e8fc7cd0,McpBridgeToolExecutionDisabled,1
755f58d1-77a1-4866-829d-6f25e8fc7cd0,MessageDelivered,1
755f58d1-77a1-4866-829d-6f25e8fc7cd0,MessageProcessed,1
755f58d1-77a1-4866-829d-6f25e8fc7cd0,MessageScheduled,1
755f58d1-77a1-4866-829d-6f25e8fc7cd0,MitigationsMapped,1
755f58d1-77a1-4866-829d-6f25e8fc7cd0,PolicyActionActivated,2
755f58d1-77a1-4866-829d-6f25e8fc7cd0,PolicyDeclared,6
755f58d1-77a1-4866-829d-6f25e8fc7cd0,PolicyEvaluated,142
755f58d1-77a1-4866-829d-6f25e8fc7cd0,PolicyReportGenerated,1
755f58d1-77a1-4866-829d-6f25e8fc7cd0,PolicyViolation,44
755f58d1-77a1-4866-829d-6f25e8fc7cd0,ProviderContractDeclared,1
755f58d1-77a1-4866-829d-6f25e8fc7cd0,ProviderContractValidated,1
755f58d1-77a1-4866-829d-6f25e8fc7cd0,ProviderReferencesRedacted,1
755f58d1-77a1-4866-829d-6f25e8fc7cd0,ProviderRegistered,1
755f58d1-77a1-4866-829d-6f25e8fc7cd0,PublicConformanceArtifactsMapped,1
755f58d1-77a1-4866-829d-6f25e8fc7cd0,PublicConformanceReplayDeclared,1
755f58d1-77a1-4866-829d-6f25e8fc7cd0,PublicConformanceReportDeclared,1
755f58d1-77a1-4866-829d-6f25e8fc7cd0,PublicConformanceRuntimeDisabled,2
755f58d1-77a1-4866-829d-6f25e8fc7cd0,PublicConformanceSecurityClaimsDenied,2
755f58d1-77a1-4866-829d-6f25e8fc7cd0,RegulatoryMappingDeclared,1
755f58d1-77a1-4866-829d-6f25e8fc7cd0,RegulatoryObligationsMapped,1
755f58d1-77a1-4866-829d-6f25e8fc7cd0,ReleaseCandidateArtifactsMapped,1
755f58d1-77a1-4866-829d-6f25e8fc7cd0,ReleaseCandidateCompatibilityMapped,1
755f58d1-77a1-4866-829d-6f25e8fc7cd0,ReleaseCandidateDeclared,1
755f58d1-77a1-4866-829d-6f25e8fc7cd0,ReleaseCandidateRuntimeDisabled,1
755f58d1-77a1-4866-829d-6f25e8fc7cd0,ReleaseCandidateSecurityClaimsDenied,1
755f58d1-77a1-4866-829d-6f25e8fc7cd0,RemoteVerificationDenied,1
755f58d1-77a1-4866-829d-6f25e8fc7cd0,RuntimeDenyByDefaultDeclared,1
755f58d1-77a1-4866-829d-6f25e8fc7cd0,RuntimeExecutionDisabled,1
755f58d1-77a1-4866-829d-6f25e8fc7cd0,RuntimeExecutionProfileDeclared,1
755f58d1-77a1-4866-829d-6f25e8fc7cd0,RuntimeHardeningProfileDeclared,1
755f58d1-77a1-4866-829d-6f25e8fc7cd0,RuntimeNetworkDenied,1
755f58d1-77a1-4866-829d-6f25e8fc7cd0,RuntimeProfileGuardsValidated,1
755f58d1-77a1-4866-829d-6f25e8fc7cd0,RuntimeSandboxRequired,1
755f58d1-77a1-4866-829d-6f25e8fc7cd0,RuntimeSecretsDenied,1
755f58d1-77a1-4866-829d-6f25e8fc7cd0,SandboxedProviderAdapterDeclared,1
755f58d1-77a1-4866-829d-6f25e8fc7cd0,SpecFreezeCompatibilityDeclared,1
755f58d1-77a1-4866-829d-6f25e8fc7cd0,SpecFreezeDeclared,1
755f58d1-77a1-4866-829d-6f25e8fc7cd0,SpecFreezeRuntimeDisabled,1
755f58d1-77a1-4866-829d-6f25e8fc7cd0,ThirdPartyVerifierDeclared,1
755f58d1-77a1-4866-829d-6f25e8fc7cd0,ThreatAssetsMapped,1
755f58d1-77a1-4866-829d-6f25e8fc7cd0,ThreatModelDeclared,1
755f58d1-77a1-4866-829d-6f25e8fc7cd0,ThreatModelRuntimeDisabled,1
755f58d1-77a1-4866-829d-6f25e8fc7cd0,ThreatModelSecurityClaimsDenied,1
755f58d1-77a1-4866-829d-6f25e8fc7cd0,ThreatsMapped,1
755f58d1-77a1-4866-829d-6f25e8fc7cd0,ValueTraced,1
755f58d1-77a1-4866-829d-6f25e8fc7cd0,VmCompleted,1
755f58d1-77a1-4866-829d-6f25e8fc7cd0,VmStarted,1
78624d15-8f0f-4556-8650-b2c867c6ba80,A2AAgentExecutionDisabled,1
78624d15-8f0f-4556-8650-b2c867c6ba80,A2ABridgeContractDeclared,1
78624d15-8f0f-4556-8650-b2c867c6ba80,A2ABridgeNetworkDenied,1
78624d15-8f0f-4556-8650-b2c867c6ba80,A2ABridgeRuntimeDisabled,1
78624d15-8f0f-4556-8650-b2c867c6ba80,ATrustEvidenceMapCoverageRequired,1
78624d15-8f0f-4556-8650-b2c867c6ba80,ATrustEvidenceMapDeclared,1
78624d15-8f0f-4556-8650-b2c867c6ba80,ATrustEvidenceMapLinksValidated,1
78624d15-8f0f-4556-8650-b2c867c6ba80,ATrustEvidenceMapRuntimeDisabled,1
78624d15-8f0f-4556-8650-b2c867c6ba80,ATrustEvidenceMapSecurityClaimsDenied,1
78624d15-8f0f-4556-8650-b2c867c6ba80,AgentDeclared,2
78624d15-8f0f-4556-8650-b2c867c6ba80,BridgeSecurityClaimsDenied,2
78624d15-8f0f-4556-8650-b2c867c6ba80,CapabilityDeclared,1
78624d15-8f0f-4556-8650-b2c867c6ba80,ExternalProviderExecutionBlocked,1
78624d15-8f0f-4556-8650-b2c867c6ba80,GovernanceControlsMapped,1
78624d15-8f0f-4556-8650-b2c867c6ba80,GovernanceProfileDeclared,1
78624d15-8f0f-4556-8650-b2c867c6ba80,GovernanceRuntimeDisabled,1
78624d15-8f0f-4556-8650-b2c867c6ba80,GovernanceSecurityClaimsDenied,1
78624d15-8f0f-4556-8650-b2c867c6ba80,HandlerExecuted,1
78624d15-8f0f-4556-8650-b2c867c6ba80,LegalCertificationDenied,2
78624d15-8f0f-4556-8650-b2c867c6ba80,McpBridgeContractDeclared,1
78624d15-8f0f-4556-8650-b2c867c6ba80,McpBridgeNetworkDenied,1
78624d15-8f0f-4556-8650-b2c867c6ba80,McpBridgeRuntimeDisabled,1
78624d15-8f0f-4556-8650-b2c867c6ba80,McpBridgeToolExecutionDisabled,1
78624d15-8f0f-4556-8650-b2c867c6ba80,MessageDelivered,1
78624d15-8f0f-4556-8650-b2c867c6ba80,MessageProcessed,1
78624d15-8f0f-4556-8650-b2c867c6ba80,MessageScheduled,1
78624d15-8f0f-4556-8650-b2c867c6ba80,MitigationsMapped,1
78624d15-8f0f-4556-8650-b2c867c6ba80,PolicyActionActivated,2
78624d15-8f0f-4556-8650-b2c867c6ba80,PolicyDeclared,6
78624d15-8f0f-4556-8650-b2c867c6ba80,PolicyEvaluated,142
78624d15-8f0f-4556-8650-b2c867c6ba80,PolicyReportGenerated,1
78624d15-8f0f-4556-8650-b2c867c6ba80,PolicyViolation,44
78624d15-8f0f-4556-8650-b2c867c6ba80,ProviderContractDeclared,1
78624d15-8f0f-4556-8650-b2c867c6ba80,ProviderContractValidated,1
78624d15-8f0f-4556-8650-b2c867c6ba80,ProviderReferencesRedacted,1
78624d15-8f0f-4556-8650-b2c867c6ba80,ProviderRegistered,1
78624d15-8f0f-4556-8650-b2c867c6ba80,PublicConformanceArtifactsMapped,1
78624d15-8f0f-4556-8650-b2c867c6ba80,PublicConformanceReplayDeclared,1
78624d15-8f0f-4556-8650-b2c867c6ba80,PublicConformanceReportDeclared,1
78624d15-8f0f-4556-8650-b2c867c6ba80,PublicConformanceRuntimeDisabled,2
78624d15-8f0f-4556-8650-b2c867c6ba80,PublicConformanceSecurityClaimsDenied,2
78624d15-8f0f-4556-8650-b2c867c6ba80,RegulatoryMappingDeclared,1
78624d15-8f0f-4556-8650-b2c867c6ba80,RegulatoryObligationsMapped,1
78624d15-8f0f-4556-8650-b2c867c6ba80,ReleaseCandidateArtifactsMapped,1
78624d15-8f0f-4556-8650-b2c867c6ba80,ReleaseCandidateCompatibilityMapped,1
78624d15-8f0f-4556-8650-b2c867c6ba80,ReleaseCandidateDeclared,1
78624d15-8f0f-4556-8650-b2c867c6ba80,ReleaseCandidateRuntimeDisabled,1
78624d15-8f0f-4556-8650-b2c867c6ba80,ReleaseCandidateSecurityClaimsDenied,1
78624d15-8f0f-4556-8650-b2c867c6ba80,RemoteVerificationDenied,1
78624d15-8f0f-4556-8650-b2c867c6ba80,RuntimeDenyByDefaultDeclared,1
78624d15-8f0f-4556-8650-b2c867c6ba80,RuntimeExecutionDisabled,1
78624d15-8f0f-4556-8650-b2c867c6ba80,RuntimeExecutionProfileDeclared,1
78624d15-8f0f-4556-8650-b2c867c6ba80,RuntimeHardeningProfileDeclared,1
78624d15-8f0f-4556-8650-b2c867c6ba80,RuntimeNetworkDenied,1
78624d15-8f0f-4556-8650-b2c867c6ba80,RuntimeProfileGuardsValidated,1
78624d15-8f0f-4556-8650-b2c867c6ba80,RuntimeSandboxRequired,1
78624d15-8f0f-4556-8650-b2c867c6ba80,RuntimeSecretsDenied,1
78624d15-8f0f-4556-8650-b2c867c6ba80,SandboxedProviderAdapterDeclared,1
78624d15-8f0f-4556-8650-b2c867c6ba80,SpecFreezeCompatibilityDeclared,1
78624d15-8f0f-4556-8650-b2c867c6ba80,SpecFreezeDeclared,1
78624d15-8f0f-4556-8650-b2c867c6ba80,SpecFreezeRuntimeDisabled,1
78624d15-8f0f-4556-8650-b2c867c6ba80,ThirdPartyVerifierDeclared,1
78624d15-8f0f-4556-8650-b2c867c6ba80,ThreatAssetsMapped,1
78624d15-8f0f-4556-8650-b2c867c6ba80,ThreatModelDeclared,1
78624d15-8f0f-4556-8650-b2c867c6ba80,ThreatModelRuntimeDisabled,1
78624d15-8f0f-4556-8650-b2c867c6ba80,ThreatModelSecurityClaimsDenied,1
78624d15-8f0f-4556-8650-b2c867c6ba80,ThreatsMapped,1
78624d15-8f0f-4556-8650-b2c867c6ba80,ValueTraced,1
78624d15-8f0f-4556-8650-b2c867c6ba80,VmCompleted,1
78624d15-8f0f-4556-8650-b2c867c6ba80,VmStarted,1
79502172-de42-47ab-a005-a501f7663764,A2AAgentExecutionDisabled,1
79502172-de42-47ab-a005-a501f7663764,A2ABridgeContractDeclared,1
79502172-de42-47ab-a005-a501f7663764,A2ABridgeNetworkDenied,1
79502172-de42-47ab-a005-a501f7663764,A2ABridgeRuntimeDisabled,1
79502172-de42-47ab-a005-a501f7663764,ATrustEvidenceMapCoverageRequired,1
79502172-de42-47ab-a005-a501f7663764,ATrustEvidenceMapDeclared,1
79502172-de42-47ab-a005-a501f7663764,ATrustEvidenceMapLinksValidated,1
79502172-de42-47ab-a005-a501f7663764,ATrustEvidenceMapRuntimeDisabled,1
79502172-de42-47ab-a005-a501f7663764,ATrustEvidenceMapSecurityClaimsDenied,1
79502172-de42-47ab-a005-a501f7663764,AgentDeclared,2
79502172-de42-47ab-a005-a501f7663764,BridgeSecurityClaimsDenied,2
79502172-de42-47ab-a005-a501f7663764,CapabilityDeclared,1
79502172-de42-47ab-a005-a501f7663764,ExternalProviderExecutionBlocked,1
79502172-de42-47ab-a005-a501f7663764,GovernanceControlsMapped,1
79502172-de42-47ab-a005-a501f7663764,GovernanceProfileDeclared,1
79502172-de42-47ab-a005-a501f7663764,GovernanceRuntimeDisabled,1
79502172-de42-47ab-a005-a501f7663764,GovernanceSecurityClaimsDenied,1
79502172-de42-47ab-a005-a501f7663764,HandlerExecuted,1
79502172-de42-47ab-a005-a501f7663764,LegalCertificationDenied,2
79502172-de42-47ab-a005-a501f7663764,McpBridgeContractDeclared,1
79502172-de42-47ab-a005-a501f7663764,McpBridgeNetworkDenied,1
79502172-de42-47ab-a005-a501f7663764,McpBridgeRuntimeDisabled,1
79502172-de42-47ab-a005-a501f7663764,McpBridgeToolExecutionDisabled,1
79502172-de42-47ab-a005-a501f7663764,MessageDelivered,1
79502172-de42-47ab-a005-a501f7663764,MessageProcessed,1
79502172-de42-47ab-a005-a501f7663764,MessageScheduled,1
79502172-de42-47ab-a005-a501f7663764,MitigationsMapped,1
79502172-de42-47ab-a005-a501f7663764,PolicyActionActivated,2
79502172-de42-47ab-a005-a501f7663764,PolicyDeclared,6
79502172-de42-47ab-a005-a501f7663764,PolicyEvaluated,142
79502172-de42-47ab-a005-a501f7663764,PolicyReportGenerated,1
79502172-de42-47ab-a005-a501f7663764,PolicyViolation,44
79502172-de42-47ab-a005-a501f7663764,ProviderContractDeclared,1
79502172-de42-47ab-a005-a501f7663764,ProviderContractValidated,1
79502172-de42-47ab-a005-a501f7663764,ProviderReferencesRedacted,1
79502172-de42-47ab-a005-a501f7663764,ProviderRegistered,1
79502172-de42-47ab-a005-a501f7663764,PublicConformanceArtifactsMapped,1
79502172-de42-47ab-a005-a501f7663764,PublicConformanceReplayDeclared,1
79502172-de42-47ab-a005-a501f7663764,PublicConformanceReportDeclared,1
79502172-de42-47ab-a005-a501f7663764,PublicConformanceRuntimeDisabled,2
79502172-de42-47ab-a005-a501f7663764,PublicConformanceSecurityClaimsDenied,2
79502172-de42-47ab-a005-a501f7663764,RegulatoryMappingDeclared,1
79502172-de42-47ab-a005-a501f7663764,RegulatoryObligationsMapped,1
79502172-de42-47ab-a005-a501f7663764,ReleaseCandidateArtifactsMapped,1
79502172-de42-47ab-a005-a501f7663764,ReleaseCandidateCompatibilityMapped,1
79502172-de42-47ab-a005-a501f7663764,ReleaseCandidateDeclared,1
79502172-de42-47ab-a005-a501f7663764,ReleaseCandidateRuntimeDisabled,1
79502172-de42-47ab-a005-a501f7663764,ReleaseCandidateSecurityClaimsDenied,1
79502172-de42-47ab-a005-a501f7663764,RemoteVerificationDenied,1
79502172-de42-47ab-a005-a501f7663764,RuntimeDenyByDefaultDeclared,1
79502172-de42-47ab-a005-a501f7663764,RuntimeExecutionDisabled,1
79502172-de42-47ab-a005-a501f7663764,RuntimeExecutionProfileDeclared,1
79502172-de42-47ab-a005-a501f7663764,RuntimeHardeningProfileDeclared,1
79502172-de42-47ab-a005-a501f7663764,RuntimeNetworkDenied,1
79502172-de42-47ab-a005-a501f7663764,RuntimeProfileGuardsValidated,1
79502172-de42-47ab-a005-a501f7663764,RuntimeSandboxRequired,1
79502172-de42-47ab-a005-a501f7663764,RuntimeSecretsDenied,1
79502172-de42-47ab-a005-a501f7663764,SandboxedProviderAdapterDeclared,1
79502172-de42-47ab-a005-a501f7663764,SpecFreezeCompatibilityDeclared,1
79502172-de42-47ab-a005-a501f7663764,SpecFreezeDeclared,1
79502172-de42-47ab-a005-a501f7663764,SpecFreezeRuntimeDisabled,1
79502172-de42-47ab-a005-a501f7663764,ThirdPartyVerifierDeclared,1
79502172-de42-47ab-a005-a501f7663764,ThreatAssetsMapped,1
79502172-de42-47ab-a005-a501f7663764,ThreatModelDeclared,1
79502172-de42-47ab-a005-a501f7663764,ThreatModelRuntimeDisabled,1
79502172-de42-47ab-a005-a501f7663764,ThreatModelSecurityClaimsDenied,1
79502172-de42-47ab-a005-a501f7663764,ThreatsMapped,1
79502172-de42-47ab-a005-a501f7663764,ValueTraced,1
79502172-de42-47ab-a005-a501f7663764,VmCompleted,1
79502172-de42-47ab-a005-a501f7663764,VmStarted,1
7b02e5d9-46e4-494b-aec4-3d66f02e1cf7,A2AAgentExecutionDisabled,1
7b02e5d9-46e4-494b-aec4-3d66f02e1cf7,A2ABridgeContractDeclared,1
7b02e5d9-46e4-494b-aec4-3d66f02e1cf7,A2ABridgeNetworkDenied,1
7b02e5d9-46e4-494b-aec4-3d66f02e1cf7,A2ABridgeRuntimeDisabled,1
7b02e5d9-46e4-494b-aec4-3d66f02e1cf7,ATrustEvidenceMapCoverageRequired,1
7b02e5d9-46e4-494b-aec4-3d66f02e1cf7,ATrustEvidenceMapDeclared,1
7b02e5d9-46e4-494b-aec4-3d66f02e1cf7,ATrustEvidenceMapLinksValidated,1
7b02e5d9-46e4-494b-aec4-3d66f02e1cf7,ATrustEvidenceMapRuntimeDisabled,1
7b02e5d9-46e4-494b-aec4-3d66f02e1cf7,ATrustEvidenceMapSecurityClaimsDenied,1
7b02e5d9-46e4-494b-aec4-3d66f02e1cf7,AgentDeclared,2
7b02e5d9-46e4-494b-aec4-3d66f02e1cf7,BridgeSecurityClaimsDenied,2
7b02e5d9-46e4-494b-aec4-3d66f02e1cf7,CapabilityDeclared,1
7b02e5d9-46e4-494b-aec4-3d66f02e1cf7,ExternalProviderExecutionBlocked,1
7b02e5d9-46e4-494b-aec4-3d66f02e1cf7,GovernanceControlsMapped,1
7b02e5d9-46e4-494b-aec4-3d66f02e1cf7,GovernanceProfileDeclared,1
7b02e5d9-46e4-494b-aec4-3d66f02e1cf7,GovernanceRuntimeDisabled,1
7b02e5d9-46e4-494b-aec4-3d66f02e1cf7,GovernanceSecurityClaimsDenied,1
7b02e5d9-46e4-494b-aec4-3d66f02e1cf7,HandlerExecuted,1
7b02e5d9-46e4-494b-aec4-3d66f02e1cf7,LegalCertificationDenied,2
7b02e5d9-46e4-494b-aec4-3d66f02e1cf7,McpBridgeContractDeclared,1
7b02e5d9-46e4-494b-aec4-3d66f02e1cf7,McpBridgeNetworkDenied,1
7b02e5d9-46e4-494b-aec4-3d66f02e1cf7,McpBridgeRuntimeDisabled,1
7b02e5d9-46e4-494b-aec4-3d66f02e1cf7,McpBridgeToolExecutionDisabled,1
7b02e5d9-46e4-494b-aec4-3d66f02e1cf7,MessageDelivered,1
7b02e5d9-46e4-494b-aec4-3d66f02e1cf7,MessageProcessed,1
7b02e5d9-46e4-494b-aec4-3d66f02e1cf7,MessageScheduled,1
7b02e5d9-46e4-494b-aec4-3d66f02e1cf7,MitigationsMapped,1
7b02e5d9-46e4-494b-aec4-3d66f02e1cf7,PolicyActionActivated,2
7b02e5d9-46e4-494b-aec4-3d66f02e1cf7,PolicyDeclared,6
7b02e5d9-46e4-494b-aec4-3d66f02e1cf7,PolicyEvaluated,142
7b02e5d9-46e4-494b-aec4-3d66f02e1cf7,PolicyReportGenerated,1
7b02e5d9-46e4-494b-aec4-3d66f02e1cf7,PolicyViolation,44
7b02e5d9-46e4-494b-aec4-3d66f02e1cf7,ProviderContractDeclared,1
7b02e5d9-46e4-494b-aec4-3d66f02e1cf7,ProviderContractValidated,1
7b02e5d9-46e4-494b-aec4-3d66f02e1cf7,ProviderReferencesRedacted,1
7b02e5d9-46e4-494b-aec4-3d66f02e1cf7,ProviderRegistered,1
7b02e5d9-46e4-494b-aec4-3d66f02e1cf7,PublicConformanceArtifactsMapped,1
7b02e5d9-46e4-494b-aec4-3d66f02e1cf7,PublicConformanceReplayDeclared,1
7b02e5d9-46e4-494b-aec4-3d66f02e1cf7,PublicConformanceReportDeclared,1
7b02e5d9-46e4-494b-aec4-3d66f02e1cf7,PublicConformanceRuntimeDisabled,2
7b02e5d9-46e4-494b-aec4-3d66f02e1cf7,PublicConformanceSecurityClaimsDenied,2
7b02e5d9-46e4-494b-aec4-3d66f02e1cf7,RegulatoryMappingDeclared,1
7b02e5d9-46e4-494b-aec4-3d66f02e1cf7,RegulatoryObligationsMapped,1
7b02e5d9-46e4-494b-aec4-3d66f02e1cf7,ReleaseCandidateArtifactsMapped,1
7b02e5d9-46e4-494b-aec4-3d66f02e1cf7,ReleaseCandidateCompatibilityMapped,1
7b02e5d9-46e4-494b-aec4-3d66f02e1cf7,ReleaseCandidateDeclared,1
7b02e5d9-46e4-494b-aec4-3d66f02e1cf7,ReleaseCandidateRuntimeDisabled,1
7b02e5d9-46e4-494b-aec4-3d66f02e1cf7,ReleaseCandidateSecurityClaimsDenied,1
7b02e5d9-46e4-494b-aec4-3d66f02e1cf7,RemoteVerificationDenied,1
7b02e5d9-46e4-494b-aec4-3d66f02e1cf7,RuntimeDenyByDefaultDeclared,1
7b02e5d9-46e4-494b-aec4-3d66f02e1cf7,RuntimeExecutionDisabled,1
7b02e5d9-46e4-494b-aec4-3d66f02e1cf7,RuntimeExecutionProfileDeclared,1
7b02e5d9-46e4-494b-aec4-3d66f02e1cf7,RuntimeHardeningProfileDeclared,1
7b02e5d9-46e4-494b-aec4-3d66f02e1cf7,RuntimeNetworkDenied,1
7b02e5d9-46e4-494b-aec4-3d66f02e1cf7,RuntimeProfileGuardsValidated,1
7b02e5d9-46e4-494b-aec4-3d66f02e1cf7,RuntimeSandboxRequired,1
7b02e5d9-46e4-494b-aec4-3d66f02e1cf7,RuntimeSecretsDenied,1
7b02e5d9-46e4-494b-aec4-3d66f02e1cf7,SandboxedProviderAdapterDeclared,1
7b02e5d9-46e4-494b-aec4-3d66f02e1cf7,SpecFreezeCompatibilityDeclared,1
7b02e5d9-46e4-494b-aec4-3d66f02e1cf7,SpecFreezeDeclared,1
7b02e5d9-46e4-494b-aec4-3d66f02e1cf7,SpecFreezeRuntimeDisabled,1
7b02e5d9-46e4-494b-aec4-3d66f02e1cf7,ThirdPartyVerifierDeclared,1
7b02e5d9-46e4-494b-aec4-3d66f02e1cf7,ThreatAssetsMapped,1
7b02e5d9-46e4-494b-aec4-3d66f02e1cf7,ThreatModelDeclared,1
7b02e5d9-46e4-494b-aec4-3d66f02e1cf7,ThreatModelRuntimeDisabled,1
7b02e5d9-46e4-494b-aec4-3d66f02e1cf7,ThreatModelSecurityClaimsDenied,1
7b02e5d9-46e4-494b-aec4-3d66f02e1cf7,ThreatsMapped,1
7b02e5d9-46e4-494b-aec4-3d66f02e1cf7,ValueTraced,1
7b02e5d9-46e4-494b-aec4-3d66f02e1cf7,VmCompleted,1
7b02e5d9-46e4-494b-aec4-3d66f02e1cf7,VmStarted,1
860d1673-b444-413e-b380-3ca63cdcbd21,A2AAgentExecutionDisabled,1
860d1673-b444-413e-b380-3ca63cdcbd21,A2ABridgeContractDeclared,1
860d1673-b444-413e-b380-3ca63cdcbd21,A2ABridgeNetworkDenied,1
860d1673-b444-413e-b380-3ca63cdcbd21,A2ABridgeRuntimeDisabled,1
860d1673-b444-413e-b380-3ca63cdcbd21,ATrustEvidenceMapCoverageRequired,1
860d1673-b444-413e-b380-3ca63cdcbd21,ATrustEvidenceMapDeclared,1
860d1673-b444-413e-b380-3ca63cdcbd21,ATrustEvidenceMapLinksValidated,1
860d1673-b444-413e-b380-3ca63cdcbd21,ATrustEvidenceMapRuntimeDisabled,1
860d1673-b444-413e-b380-3ca63cdcbd21,ATrustEvidenceMapSecurityClaimsDenied,1
860d1673-b444-413e-b380-3ca63cdcbd21,AgentDeclared,2
860d1673-b444-413e-b380-3ca63cdcbd21,BridgeSecurityClaimsDenied,2
860d1673-b444-413e-b380-3ca63cdcbd21,CapabilityDeclared,1
860d1673-b444-413e-b380-3ca63cdcbd21,ExternalProviderExecutionBlocked,1
860d1673-b444-413e-b380-3ca63cdcbd21,GovernanceControlsMapped,1
860d1673-b444-413e-b380-3ca63cdcbd21,GovernanceProfileDeclared,1
860d1673-b444-413e-b380-3ca63cdcbd21,GovernanceRuntimeDisabled,1
860d1673-b444-413e-b380-3ca63cdcbd21,GovernanceSecurityClaimsDenied,1
860d1673-b444-413e-b380-3ca63cdcbd21,HandlerExecuted,1
860d1673-b444-413e-b380-3ca63cdcbd21,LegalCertificationDenied,2
860d1673-b444-413e-b380-3ca63cdcbd21,McpBridgeContractDeclared,1
860d1673-b444-413e-b380-3ca63cdcbd21,McpBridgeNetworkDenied,1
860d1673-b444-413e-b380-3ca63cdcbd21,McpBridgeRuntimeDisabled,1
860d1673-b444-413e-b380-3ca63cdcbd21,McpBridgeToolExecutionDisabled,1
860d1673-b444-413e-b380-3ca63cdcbd21,MessageDelivered,1
860d1673-b444-413e-b380-3ca63cdcbd21,MessageProcessed,1
860d1673-b444-413e-b380-3ca63cdcbd21,MessageScheduled,1
860d1673-b444-413e-b380-3ca63cdcbd21,MitigationsMapped,1
860d1673-b444-413e-b380-3ca63cdcbd21,PolicyActionActivated,2
860d1673-b444-413e-b380-3ca63cdcbd21,PolicyDeclared,6
860d1673-b444-413e-b380-3ca63cdcbd21,PolicyEvaluated,142
860d1673-b444-413e-b380-3ca63cdcbd21,PolicyReportGenerated,1
860d1673-b444-413e-b380-3ca63cdcbd21,PolicyViolation,44
860d1673-b444-413e-b380-3ca63cdcbd21,ProviderContractDeclared,1
860d1673-b444-413e-b380-3ca63cdcbd21,ProviderContractValidated,1
860d1673-b444-413e-b380-3ca63cdcbd21,ProviderReferencesRedacted,1
860d1673-b444-413e-b380-3ca63cdcbd21,ProviderRegistered,1
860d1673-b444-413e-b380-3ca63cdcbd21,PublicConformanceArtifactsMapped,1
860d1673-b444-413e-b380-3ca63cdcbd21,PublicConformanceReplayDeclared,1
860d1673-b444-413e-b380-3ca63cdcbd21,PublicConformanceReportDeclared,1
860d1673-b444-413e-b380-3ca63cdcbd21,PublicConformanceRuntimeDisabled,2
860d1673-b444-413e-b380-3ca63cdcbd21,PublicConformanceSecurityClaimsDenied,2
860d1673-b444-413e-b380-3ca63cdcbd21,RegulatoryMappingDeclared,1
860d1673-b444-413e-b380-3ca63cdcbd21,RegulatoryObligationsMapped,1
860d1673-b444-413e-b380-3ca63cdcbd21,ReleaseCandidateArtifactsMapped,1
860d1673-b444-413e-b380-3ca63cdcbd21,ReleaseCandidateCompatibilityMapped,1
860d1673-b444-413e-b380-3ca63cdcbd21,ReleaseCandidateDeclared,1
860d1673-b444-413e-b380-3ca63cdcbd21,ReleaseCandidateRuntimeDisabled,1
860d1673-b444-413e-b380-3ca63cdcbd21,ReleaseCandidateSecurityClaimsDenied,1
860d1673-b444-413e-b380-3ca63cdcbd21,RemoteVerificationDenied,1
860d1673-b444-413e-b380-3ca63cdcbd21,RuntimeDenyByDefaultDeclared,1
860d1673-b444-413e-b380-3ca63cdcbd21,RuntimeExecutionDisabled,1
860d1673-b444-413e-b380-3ca63cdcbd21,RuntimeExecutionProfileDeclared,1
860d1673-b444-413e-b380-3ca63cdcbd21,RuntimeHardeningProfileDeclared,1
860d1673-b444-413e-b380-3ca63cdcbd21,RuntimeNetworkDenied,1
860d1673-b444-413e-b380-3ca63cdcbd21,RuntimeProfileGuardsValidated,1
860d1673-b444-413e-b380-3ca63cdcbd21,RuntimeSandboxRequired,1
860d1673-b444-413e-b380-3ca63cdcbd21,RuntimeSecretsDenied,1
860d1673-b444-413e-b380-3ca63cdcbd21,SandboxedProviderAdapterDeclared,1
860d1673-b444-413e-b380-3ca63cdcbd21,SpecFreezeCompatibilityDeclared,1
860d1673-b444-413e-b380-3ca63cdcbd21,SpecFreezeDeclared,1
860d1673-b444-413e-b380-3ca63cdcbd21,SpecFreezeRuntimeDisabled,1
860d1673-b444-413e-b380-3ca63cdcbd21,ThirdPartyVerifierDeclared,1
860d1673-b444-413e-b380-3ca63cdcbd21,ThreatAssetsMapped,1
860d1673-b444-413e-b380-3ca63cdcbd21,ThreatModelDeclared,1
860d1673-b444-413e-b380-3ca63cdcbd21,ThreatModelRuntimeDisabled,1
860d1673-b444-413e-b380-3ca63cdcbd21,ThreatModelSecurityClaimsDenied,1
860d1673-b444-413e-b380-3ca63cdcbd21,ThreatsMapped,1
860d1673-b444-413e-b380-3ca63cdcbd21,ValueTraced,1
860d1673-b444-413e-b380-3ca63cdcbd21,VmCompleted,1
860d1673-b444-413e-b380-3ca63cdcbd21,VmStarted,1
902f680b-6b1c-4d68-955b-212d7b72dae2,A2AAgentExecutionDisabled,1
902f680b-6b1c-4d68-955b-212d7b72dae2,A2ABridgeContractDeclared,1
902f680b-6b1c-4d68-955b-212d7b72dae2,A2ABridgeNetworkDenied,1
902f680b-6b1c-4d68-955b-212d7b72dae2,A2ABridgeRuntimeDisabled,1
902f680b-6b1c-4d68-955b-212d7b72dae2,ATrustEvidenceMapCoverageRequired,1
902f680b-6b1c-4d68-955b-212d7b72dae2,ATrustEvidenceMapDeclared,1
902f680b-6b1c-4d68-955b-212d7b72dae2,ATrustEvidenceMapLinksValidated,1
902f680b-6b1c-4d68-955b-212d7b72dae2,ATrustEvidenceMapRuntimeDisabled,1
902f680b-6b1c-4d68-955b-212d7b72dae2,ATrustEvidenceMapSecurityClaimsDenied,1
902f680b-6b1c-4d68-955b-212d7b72dae2,AgentDeclared,2
902f680b-6b1c-4d68-955b-212d7b72dae2,BridgeSecurityClaimsDenied,2
902f680b-6b1c-4d68-955b-212d7b72dae2,CapabilityDeclared,1
902f680b-6b1c-4d68-955b-212d7b72dae2,ExternalProviderExecutionBlocked,1
902f680b-6b1c-4d68-955b-212d7b72dae2,GovernanceControlsMapped,1
902f680b-6b1c-4d68-955b-212d7b72dae2,GovernanceProfileDeclared,1
902f680b-6b1c-4d68-955b-212d7b72dae2,GovernanceRuntimeDisabled,1
902f680b-6b1c-4d68-955b-212d7b72dae2,GovernanceSecurityClaimsDenied,1
902f680b-6b1c-4d68-955b-212d7b72dae2,HandlerExecuted,1
902f680b-6b1c-4d68-955b-212d7b72dae2,LegalCertificationDenied,2
902f680b-6b1c-4d68-955b-212d7b72dae2,McpBridgeContractDeclared,1
902f680b-6b1c-4d68-955b-212d7b72dae2,McpBridgeNetworkDenied,1
902f680b-6b1c-4d68-955b-212d7b72dae2,McpBridgeRuntimeDisabled,1
902f680b-6b1c-4d68-955b-212d7b72dae2,McpBridgeToolExecutionDisabled,1
902f680b-6b1c-4d68-955b-212d7b72dae2,MessageDelivered,1
902f680b-6b1c-4d68-955b-212d7b72dae2,MessageProcessed,1
902f680b-6b1c-4d68-955b-212d7b72dae2,MessageScheduled,1
902f680b-6b1c-4d68-955b-212d7b72dae2,MitigationsMapped,1
902f680b-6b1c-4d68-955b-212d7b72dae2,PolicyActionActivated,2
902f680b-6b1c-4d68-955b-212d7b72dae2,PolicyDeclared,6
902f680b-6b1c-4d68-955b-212d7b72dae2,PolicyEvaluated,142
902f680b-6b1c-4d68-955b-212d7b72dae2,PolicyReportGenerated,1
902f680b-6b1c-4d68-955b-212d7b72dae2,PolicyViolation,44
902f680b-6b1c-4d68-955b-212d7b72dae2,ProviderContractDeclared,1
902f680b-6b1c-4d68-955b-212d7b72dae2,ProviderContractValidated,1
902f680b-6b1c-4d68-955b-212d7b72dae2,ProviderReferencesRedacted,1
902f680b-6b1c-4d68-955b-212d7b72dae2,ProviderRegistered,1
902f680b-6b1c-4d68-955b-212d7b72dae2,PublicConformanceArtifactsMapped,1
902f680b-6b1c-4d68-955b-212d7b72dae2,PublicConformanceReplayDeclared,1
902f680b-6b1c-4d68-955b-212d7b72dae2,PublicConformanceReportDeclared,1
902f680b-6b1c-4d68-955b-212d7b72dae2,PublicConformanceRuntimeDisabled,2
902f680b-6b1c-4d68-955b-212d7b72dae2,PublicConformanceSecurityClaimsDenied,2
902f680b-6b1c-4d68-955b-212d7b72dae2,RegulatoryMappingDeclared,1
902f680b-6b1c-4d68-955b-212d7b72dae2,RegulatoryObligationsMapped,1
902f680b-6b1c-4d68-955b-212d7b72dae2,ReleaseCandidateArtifactsMapped,1
902f680b-6b1c-4d68-955b-212d7b72dae2,ReleaseCandidateCompatibilityMapped,1
902f680b-6b1c-4d68-955b-212d7b72dae2,ReleaseCandidateDeclared,1
902f680b-6b1c-4d68-955b-212d7b72dae2,ReleaseCandidateRuntimeDisabled,1
902f680b-6b1c-4d68-955b-212d7b72dae2,ReleaseCandidateSecurityClaimsDenied,1
902f680b-6b1c-4d68-955b-212d7b72dae2,RemoteVerificationDenied,1
902f680b-6b1c-4d68-955b-212d7b72dae2,RuntimeDenyByDefaultDeclared,1
902f680b-6b1c-4d68-955b-212d7b72dae2,RuntimeExecutionDisabled,1
902f680b-6b1c-4d68-955b-212d7b72dae2,RuntimeExecutionProfileDeclared,1
902f680b-6b1c-4d68-955b-212d7b72dae2,RuntimeHardeningProfileDeclared,1
902f680b-6b1c-4d68-955b-212d7b72dae2,RuntimeNetworkDenied,1
902f680b-6b1c-4d68-955b-212d7b72dae2,RuntimeProfileGuardsValidated,1
902f680b-6b1c-4d68-955b-212d7b72dae2,RuntimeSandboxRequired,1
902f680b-6b1c-4d68-955b-212d7b72dae2,RuntimeSecretsDenied,1
902f680b-6b1c-4d68-955b-212d7b72dae2,SandboxedProviderAdapterDeclared,1
902f680b-6b1c-4d68-955b-212d7b72dae2,SpecFreezeCompatibilityDeclared,1
902f680b-6b1c-4d68-955b-212d7b72dae2,SpecFreezeDeclared,1
902f680b-6b1c-4d68-955b-212d7b72dae2,SpecFreezeRuntimeDisabled,1
902f680b-6b1c-4d68-955b-212d7b72dae2,ThirdPartyVerifierDeclared,1
902f680b-6b1c-4d68-955b-212d7b72dae2,ThreatAssetsMapped,1
902f680b-6b1c-4d68-955b-212d7b72dae2,ThreatModelDeclared,1
902f680b-6b1c-4d68-955b-212d7b72dae2,ThreatModelRuntimeDisabled,1
902f680b-6b1c-4d68-955b-212d7b72dae2,ThreatModelSecurityClaimsDenied,1
902f680b-6b1c-4d68-955b-212d7b72dae2,ThreatsMapped,1
902f680b-6b1c-4d68-955b-212d7b72dae2,ValueTraced,1
902f680b-6b1c-4d68-955b-212d7b72dae2,VmCompleted,1
902f680b-6b1c-4d68-955b-212d7b72dae2,VmStarted,1
bb00fc2a-a79d-4bd0-9b89-a0d124bdbc58,A2AAgentExecutionDisabled,1
bb00fc2a-a79d-4bd0-9b89-a0d124bdbc58,A2ABridgeContractDeclared,1
bb00fc2a-a79d-4bd0-9b89-a0d124bdbc58,A2ABridgeNetworkDenied,1
bb00fc2a-a79d-4bd0-9b89-a0d124bdbc58,A2ABridgeRuntimeDisabled,1
bb00fc2a-a79d-4bd0-9b89-a0d124bdbc58,ATrustEvidenceMapCoverageRequired,1
bb00fc2a-a79d-4bd0-9b89-a0d124bdbc58,ATrustEvidenceMapDeclared,1
bb00fc2a-a79d-4bd0-9b89-a0d124bdbc58,ATrustEvidenceMapLinksValidated,1
bb00fc2a-a79d-4bd0-9b89-a0d124bdbc58,ATrustEvidenceMapRuntimeDisabled,1
bb00fc2a-a79d-4bd0-9b89-a0d124bdbc58,ATrustEvidenceMapSecurityClaimsDenied,1
bb00fc2a-a79d-4bd0-9b89-a0d124bdbc58,AgentDeclared,2
bb00fc2a-a79d-4bd0-9b89-a0d124bdbc58,BridgeSecurityClaimsDenied,2
bb00fc2a-a79d-4bd0-9b89-a0d124bdbc58,CapabilityDeclared,1
bb00fc2a-a79d-4bd0-9b89-a0d124bdbc58,ExternalProviderExecutionBlocked,1
bb00fc2a-a79d-4bd0-9b89-a0d124bdbc58,GovernanceControlsMapped,1
bb00fc2a-a79d-4bd0-9b89-a0d124bdbc58,GovernanceProfileDeclared,1
bb00fc2a-a79d-4bd0-9b89-a0d124bdbc58,GovernanceRuntimeDisabled,1
bb00fc2a-a79d-4bd0-9b89-a0d124bdbc58,GovernanceSecurityClaimsDenied,1
bb00fc2a-a79d-4bd0-9b89-a0d124bdbc58,HandlerExecuted,1
bb00fc2a-a79d-4bd0-9b89-a0d124bdbc58,LegalCertificationDenied,2
bb00fc2a-a79d-4bd0-9b89-a0d124bdbc58,McpBridgeContractDeclared,1
bb00fc2a-a79d-4bd0-9b89-a0d124bdbc58,McpBridgeNetworkDenied,1
bb00fc2a-a79d-4bd0-9b89-a0d124bdbc58,McpBridgeRuntimeDisabled,1
bb00fc2a-a79d-4bd0-9b89-a0d124bdbc58,McpBridgeToolExecutionDisabled,1
bb00fc2a-a79d-4bd0-9b89-a0d124bdbc58,MessageDelivered,1
bb00fc2a-a79d-4bd0-9b89-a0d124bdbc58,MessageProcessed,1
bb00fc2a-a79d-4bd0-9b89-a0d124bdbc58,MessageScheduled,1
bb00fc2a-a79d-4bd0-9b89-a0d124bdbc58,MitigationsMapped,1
bb00fc2a-a79d-4bd0-9b89-a0d124bdbc58,PolicyActionActivated,2
bb00fc2a-a79d-4bd0-9b89-a0d124bdbc58,PolicyDeclared,6
bb00fc2a-a79d-4bd0-9b89-a0d124bdbc58,PolicyEvaluated,142
bb00fc2a-a79d-4bd0-9b89-a0d124bdbc58,PolicyReportGenerated,1
bb00fc2a-a79d-4bd0-9b89-a0d124bdbc58,PolicyViolation,44
bb00fc2a-a79d-4bd0-9b89-a0d124bdbc58,ProviderContractDeclared,1
bb00fc2a-a79d-4bd0-9b89-a0d124bdbc58,ProviderContractValidated,1
bb00fc2a-a79d-4bd0-9b89-a0d124bdbc58,ProviderReferencesRedacted,1
bb00fc2a-a79d-4bd0-9b89-a0d124bdbc58,ProviderRegistered,1
bb00fc2a-a79d-4bd0-9b89-a0d124bdbc58,PublicConformanceArtifactsMapped,1
bb00fc2a-a79d-4bd0-9b89-a0d124bdbc58,PublicConformanceReplayDeclared,1
bb00fc2a-a79d-4bd0-9b89-a0d124bdbc58,PublicConformanceReportDeclared,1
bb00fc2a-a79d-4bd0-9b89-a0d124bdbc58,PublicConformanceRuntimeDisabled,2
bb00fc2a-a79d-4bd0-9b89-a0d124bdbc58,PublicConformanceSecurityClaimsDenied,2
bb00fc2a-a79d-4bd0-9b89-a0d124bdbc58,RegulatoryMappingDeclared,1
bb00fc2a-a79d-4bd0-9b89-a0d124bdbc58,RegulatoryObligationsMapped,1
bb00fc2a-a79d-4bd0-9b89-a0d124bdbc58,ReleaseCandidateArtifactsMapped,1
bb00fc2a-a79d-4bd0-9b89-a0d124bdbc58,ReleaseCandidateCompatibilityMapped,1
bb00fc2a-a79d-4bd0-9b89-a0d124bdbc58,ReleaseCandidateDeclared,1
bb00fc2a-a79d-4bd0-9b89-a0d124bdbc58,ReleaseCandidateRuntimeDisabled,1
bb00fc2a-a79d-4bd0-9b89-a0d124bdbc58,ReleaseCandidateSecurityClaimsDenied,1
bb00fc2a-a79d-4bd0-9b89-a0d124bdbc58,RemoteVerificationDenied,1
bb00fc2a-a79d-4bd0-9b89-a0d124bdbc58,RuntimeDenyByDefaultDeclared,1
bb00fc2a-a79d-4bd0-9b89-a0d124bdbc58,RuntimeExecutionDisabled,1
bb00fc2a-a79d-4bd0-9b89-a0d124bdbc58,RuntimeExecutionProfileDeclared,1
bb00fc2a-a79d-4bd0-9b89-a0d124bdbc58,RuntimeHardeningProfileDeclared,1
bb00fc2a-a79d-4bd0-9b89-a0d124bdbc58,RuntimeNetworkDenied,1
bb00fc2a-a79d-4bd0-9b89-a0d124bdbc58,RuntimeProfileGuardsValidated,1
bb00fc2a-a79d-4bd0-9b89-a0d124bdbc58,RuntimeSandboxRequired,1
bb00fc2a-a79d-4bd0-9b89-a0d124bdbc58,RuntimeSecretsDenied,1
bb00fc2a-a79d-4bd0-9b89-a0d124bdbc58,SandboxedProviderAdapterDeclared,1
bb00fc2a-a79d-4bd0-9b89-a0d124bdbc58,SpecFreezeCompatibilityDeclared,1
bb00fc2a-a79d-4bd0-9b89-a0d124bdbc58,SpecFreezeDeclared,1
bb00fc2a-a79d-4bd0-9b89-a0d124bdbc58,SpecFreezeRuntimeDisabled,1
bb00fc2a-a79d-4bd0-9b89-a0d124bdbc58,ThirdPartyVerifierDeclared,1
bb00fc2a-a79d-4bd0-9b89-a0d124bdbc58,ThreatAssetsMapped,1
bb00fc2a-a79d-4bd0-9b89-a0d124bdbc58,ThreatModelDeclared,1
bb00fc2a-a79d-4bd0-9b89-a0d124bdbc58,ThreatModelRuntimeDisabled,1
bb00fc2a-a79d-4bd0-9b89-a0d124bdbc58,ThreatModelSecurityClaimsDenied,1
bb00fc2a-a79d-4bd0-9b89-a0d124bdbc58,ThreatsMapped,1
bb00fc2a-a79d-4bd0-9b89-a0d124bdbc58,ValueTraced,1
bb00fc2a-a79d-4bd0-9b89-a0d124bdbc58,VmCompleted,1
bb00fc2a-a79d-4bd0-9b89-a0d124bdbc58,VmStarted,1
c9a10428-7ecc-4938-93d2-9651b10e81a1,A2AAgentExecutionDisabled,1
c9a10428-7ecc-4938-93d2-9651b10e81a1,A2ABridgeContractDeclared,1
c9a10428-7ecc-4938-93d2-9651b10e81a1,A2ABridgeNetworkDenied,1
c9a10428-7ecc-4938-93d2-9651b10e81a1,A2ABridgeRuntimeDisabled,1
c9a10428-7ecc-4938-93d2-9651b10e81a1,ATrustEvidenceMapCoverageRequired,1
c9a10428-7ecc-4938-93d2-9651b10e81a1,ATrustEvidenceMapDeclared,1
c9a10428-7ecc-4938-93d2-9651b10e81a1,ATrustEvidenceMapLinksValidated,1
c9a10428-7ecc-4938-93d2-9651b10e81a1,ATrustEvidenceMapRuntimeDisabled,1
c9a10428-7ecc-4938-93d2-9651b10e81a1,ATrustEvidenceMapSecurityClaimsDenied,1
c9a10428-7ecc-4938-93d2-9651b10e81a1,AgentDeclared,2
c9a10428-7ecc-4938-93d2-9651b10e81a1,BridgeSecurityClaimsDenied,2
c9a10428-7ecc-4938-93d2-9651b10e81a1,CapabilityDeclared,1
c9a10428-7ecc-4938-93d2-9651b10e81a1,ExternalProviderExecutionBlocked,1
c9a10428-7ecc-4938-93d2-9651b10e81a1,GovernanceControlsMapped,1
c9a10428-7ecc-4938-93d2-9651b10e81a1,GovernanceProfileDeclared,1
c9a10428-7ecc-4938-93d2-9651b10e81a1,GovernanceRuntimeDisabled,1
c9a10428-7ecc-4938-93d2-9651b10e81a1,GovernanceSecurityClaimsDenied,1
c9a10428-7ecc-4938-93d2-9651b10e81a1,HandlerExecuted,1
c9a10428-7ecc-4938-93d2-9651b10e81a1,LegalCertificationDenied,2
c9a10428-7ecc-4938-93d2-9651b10e81a1,McpBridgeContractDeclared,1
c9a10428-7ecc-4938-93d2-9651b10e81a1,McpBridgeNetworkDenied,1
c9a10428-7ecc-4938-93d2-9651b10e81a1,McpBridgeRuntimeDisabled,1
c9a10428-7ecc-4938-93d2-9651b10e81a1,McpBridgeToolExecutionDisabled,1
c9a10428-7ecc-4938-93d2-9651b10e81a1,MessageDelivered,1
c9a10428-7ecc-4938-93d2-9651b10e81a1,MessageProcessed,1
c9a10428-7ecc-4938-93d2-9651b10e81a1,MessageScheduled,1
c9a10428-7ecc-4938-93d2-9651b10e81a1,MitigationsMapped,1
c9a10428-7ecc-4938-93d2-9651b10e81a1,PolicyActionActivated,2
c9a10428-7ecc-4938-93d2-9651b10e81a1,PolicyDeclared,6
c9a10428-7ecc-4938-93d2-9651b10e81a1,PolicyEvaluated,142
c9a10428-7ecc-4938-93d2-9651b10e81a1,PolicyReportGenerated,1
c9a10428-7ecc-4938-93d2-9651b10e81a1,PolicyViolation,44
c9a10428-7ecc-4938-93d2-9651b10e81a1,ProviderContractDeclared,1
c9a10428-7ecc-4938-93d2-9651b10e81a1,ProviderContractValidated,1
c9a10428-7ecc-4938-93d2-9651b10e81a1,ProviderReferencesRedacted,1
c9a10428-7ecc-4938-93d2-9651b10e81a1,ProviderRegistered,1
c9a10428-7ecc-4938-93d2-9651b10e81a1,PublicConformanceArtifactsMapped,1
c9a10428-7ecc-4938-93d2-9651b10e81a1,PublicConformanceReplayDeclared,1
c9a10428-7ecc-4938-93d2-9651b10e81a1,PublicConformanceReportDeclared,1
c9a10428-7ecc-4938-93d2-9651b10e81a1,PublicConformanceRuntimeDisabled,2
c9a10428-7ecc-4938-93d2-9651b10e81a1,PublicConformanceSecurityClaimsDenied,2
c9a10428-7ecc-4938-93d2-9651b10e81a1,RegulatoryMappingDeclared,1
c9a10428-7ecc-4938-93d2-9651b10e81a1,RegulatoryObligationsMapped,1
c9a10428-7ecc-4938-93d2-9651b10e81a1,ReleaseCandidateArtifactsMapped,1
c9a10428-7ecc-4938-93d2-9651b10e81a1,ReleaseCandidateCompatibilityMapped,1
c9a10428-7ecc-4938-93d2-9651b10e81a1,ReleaseCandidateDeclared,1
c9a10428-7ecc-4938-93d2-9651b10e81a1,ReleaseCandidateRuntimeDisabled,1
c9a10428-7ecc-4938-93d2-9651b10e81a1,ReleaseCandidateSecurityClaimsDenied,1
c9a10428-7ecc-4938-93d2-9651b10e81a1,RemoteVerificationDenied,1
c9a10428-7ecc-4938-93d2-9651b10e81a1,RuntimeDenyByDefaultDeclared,1
c9a10428-7ecc-4938-93d2-9651b10e81a1,RuntimeExecutionDisabled,1
c9a10428-7ecc-4938-93d2-9651b10e81a1,RuntimeExecutionProfileDeclared,1
c9a10428-7ecc-4938-93d2-9651b10e81a1,RuntimeHardeningProfileDeclared,1
c9a10428-7ecc-4938-93d2-9651b10e81a1,RuntimeNetworkDenied,1
c9a10428-7ecc-4938-93d2-9651b10e81a1,RuntimeProfileGuardsValidated,1
c9a10428-7ecc-4938-93d2-9651b10e81a1,RuntimeSandboxRequired,1
c9a10428-7ecc-4938-93d2-9651b10e81a1,RuntimeSecretsDenied,1
c9a10428-7ecc-4938-93d2-9651b10e81a1,SandboxedProviderAdapterDeclared,1
c9a10428-7ecc-4938-93d2-9651b10e81a1,SpecFreezeCompatibilityDeclared,1
c9a10428-7ecc-4938-93d2-9651b10e81a1,SpecFreezeDeclared,1
c9a10428-7ecc-4938-93d2-9651b10e81a1,SpecFreezeRuntimeDisabled,1
c9a10428-7ecc-4938-93d2-9651b10e81a1,ThirdPartyVerifierDeclared,1
c9a10428-7ecc-4938-93d2-9651b10e81a1,ThreatAssetsMapped,1
c9a10428-7ecc-4938-93d2-9651b10e81a1,ThreatModelDeclared,1
c9a10428-7ecc-4938-93d2-9651b10e81a1,ThreatModelRuntimeDisabled,1
c9a10428-7ecc-4938-93d2-9651b10e81a1,ThreatModelSecurityClaimsDenied,1
c9a10428-7ecc-4938-93d2-9651b10e81a1,ThreatsMapped,1
c9a10428-7ecc-4938-93d2-9651b10e81a1,ValueTraced,1
c9a10428-7ecc-4938-93d2-9651b10e81a1,VmCompleted,1
c9a10428-7ecc-4938-93d2-9651b10e81a1,VmStarted,1
d193caa6-4e2b-4ed8-bc60-f01135710204,A2AAgentExecutionDisabled,1
d193caa6-4e2b-4ed8-bc60-f01135710204,A2ABridgeContractDeclared,1
d193caa6-4e2b-4ed8-bc60-f01135710204,A2ABridgeNetworkDenied,1
d193caa6-4e2b-4ed8-bc60-f01135710204,A2ABridgeRuntimeDisabled,1
d193caa6-4e2b-4ed8-bc60-f01135710204,ATrustEvidenceMapCoverageRequired,1
d193caa6-4e2b-4ed8-bc60-f01135710204,ATrustEvidenceMapDeclared,1
d193caa6-4e2b-4ed8-bc60-f01135710204,ATrustEvidenceMapLinksValidated,1
d193caa6-4e2b-4ed8-bc60-f01135710204,ATrustEvidenceMapRuntimeDisabled,1
d193caa6-4e2b-4ed8-bc60-f01135710204,ATrustEvidenceMapSecurityClaimsDenied,1
d193caa6-4e2b-4ed8-bc60-f01135710204,AgentDeclared,2
d193caa6-4e2b-4ed8-bc60-f01135710204,BridgeSecurityClaimsDenied,2
d193caa6-4e2b-4ed8-bc60-f01135710204,CapabilityDeclared,1
d193caa6-4e2b-4ed8-bc60-f01135710204,ExternalProviderExecutionBlocked,1
d193caa6-4e2b-4ed8-bc60-f01135710204,GovernanceControlsMapped,1
d193caa6-4e2b-4ed8-bc60-f01135710204,GovernanceProfileDeclared,1
d193caa6-4e2b-4ed8-bc60-f01135710204,GovernanceRuntimeDisabled,1
d193caa6-4e2b-4ed8-bc60-f01135710204,GovernanceSecurityClaimsDenied,1
d193caa6-4e2b-4ed8-bc60-f01135710204,HandlerExecuted,1
d193caa6-4e2b-4ed8-bc60-f01135710204,LegalCertificationDenied,2
d193caa6-4e2b-4ed8-bc60-f01135710204,McpBridgeContractDeclared,1
d193caa6-4e2b-4ed8-bc60-f01135710204,McpBridgeNetworkDenied,1
d193caa6-4e2b-4ed8-bc60-f01135710204,McpBridgeRuntimeDisabled,1
d193caa6-4e2b-4ed8-bc60-f01135710204,McpBridgeToolExecutionDisabled,1
d193caa6-4e2b-4ed8-bc60-f01135710204,MessageDelivered,1
d193caa6-4e2b-4ed8-bc60-f01135710204,MessageProcessed,1
d193caa6-4e2b-4ed8-bc60-f01135710204,MessageScheduled,1
d193caa6-4e2b-4ed8-bc60-f01135710204,MitigationsMapped,1
d193caa6-4e2b-4ed8-bc60-f01135710204,PolicyActionActivated,2
d193caa6-4e2b-4ed8-bc60-f01135710204,PolicyDeclared,6
d193caa6-4e2b-4ed8-bc60-f01135710204,PolicyEvaluated,142
d193caa6-4e2b-4ed8-bc60-f01135710204,PolicyReportGenerated,1
d193caa6-4e2b-4ed8-bc60-f01135710204,PolicyViolation,44
d193caa6-4e2b-4ed8-bc60-f01135710204,ProviderContractDeclared,1
d193caa6-4e2b-4ed8-bc60-f01135710204,ProviderContractValidated,1
d193caa6-4e2b-4ed8-bc60-f01135710204,ProviderReferencesRedacted,1
d193caa6-4e2b-4ed8-bc60-f01135710204,ProviderRegistered,1
d193caa6-4e2b-4ed8-bc60-f01135710204,PublicConformanceArtifactsMapped,1
d193caa6-4e2b-4ed8-bc60-f01135710204,PublicConformanceReplayDeclared,1
d193caa6-4e2b-4ed8-bc60-f01135710204,PublicConformanceReportDeclared,1
d193caa6-4e2b-4ed8-bc60-f01135710204,PublicConformanceRuntimeDisabled,2
d193caa6-4e2b-4ed8-bc60-f01135710204,PublicConformanceSecurityClaimsDenied,2
d193caa6-4e2b-4ed8-bc60-f01135710204,RegulatoryMappingDeclared,1
d193caa6-4e2b-4ed8-bc60-f01135710204,RegulatoryObligationsMapped,1
d193caa6-4e2b-4ed8-bc60-f01135710204,ReleaseCandidateArtifactsMapped,1
d193caa6-4e2b-4ed8-bc60-f01135710204,ReleaseCandidateCompatibilityMapped,1
d193caa6-4e2b-4ed8-bc60-f01135710204,ReleaseCandidateDeclared,1
d193caa6-4e2b-4ed8-bc60-f01135710204,ReleaseCandidateRuntimeDisabled,1
d193caa6-4e2b-4ed8-bc60-f01135710204,ReleaseCandidateSecurityClaimsDenied,1
d193caa6-4e2b-4ed8-bc60-f01135710204,RemoteVerificationDenied,1
d193caa6-4e2b-4ed8-bc60-f01135710204,RuntimeDenyByDefaultDeclared,1
d193caa6-4e2b-4ed8-bc60-f01135710204,RuntimeExecutionDisabled,1
d193caa6-4e2b-4ed8-bc60-f01135710204,RuntimeExecutionProfileDeclared,1
d193caa6-4e2b-4ed8-bc60-f01135710204,RuntimeHardeningProfileDeclared,1
d193caa6-4e2b-4ed8-bc60-f01135710204,RuntimeNetworkDenied,1
d193caa6-4e2b-4ed8-bc60-f01135710204,RuntimeProfileGuardsValidated,1
d193caa6-4e2b-4ed8-bc60-f01135710204,RuntimeSandboxRequired,1
d193caa6-4e2b-4ed8-bc60-f01135710204,RuntimeSecretsDenied,1
d193caa6-4e2b-4ed8-bc60-f01135710204,SandboxedProviderAdapterDeclared,1
d193caa6-4e2b-4ed8-bc60-f01135710204,SpecFreezeCompatibilityDeclared,1
d193caa6-4e2b-4ed8-bc60-f01135710204,SpecFreezeDeclared,1
d193caa6-4e2b-4ed8-bc60-f01135710204,SpecFreezeRuntimeDisabled,1
d193caa6-4e2b-4ed8-bc60-f01135710204,ThirdPartyVerifierDeclared,1
d193caa6-4e2b-4ed8-bc60-f01135710204,ThreatAssetsMapped,1
d193caa6-4e2b-4ed8-bc60-f01135710204,ThreatModelDeclared,1
d193caa6-4e2b-4ed8-bc60-f01135710204,ThreatModelRuntimeDisabled,1
d193caa6-4e2b-4ed8-bc60-f01135710204,ThreatModelSecurityClaimsDenied,1
d193caa6-4e2b-4ed8-bc60-f01135710204,ThreatsMapped,1
d193caa6-4e2b-4ed8-bc60-f01135710204,ValueTraced,1
d193caa6-4e2b-4ed8-bc60-f01135710204,VmCompleted,1
d193caa6-4e2b-4ed8-bc60-f01135710204,VmStarted,1
d196a3ac-77b7-4be9-96fe-c4281eba9a93,A2AAgentExecutionDisabled,1
d196a3ac-77b7-4be9-96fe-c4281eba9a93,A2ABridgeContractDeclared,1
d196a3ac-77b7-4be9-96fe-c4281eba9a93,A2ABridgeNetworkDenied,1
d196a3ac-77b7-4be9-96fe-c4281eba9a93,A2ABridgeRuntimeDisabled,1
d196a3ac-77b7-4be9-96fe-c4281eba9a93,ATrustEvidenceMapCoverageRequired,1
d196a3ac-77b7-4be9-96fe-c4281eba9a93,ATrustEvidenceMapDeclared,1
d196a3ac-77b7-4be9-96fe-c4281eba9a93,ATrustEvidenceMapLinksValidated,1
d196a3ac-77b7-4be9-96fe-c4281eba9a93,ATrustEvidenceMapRuntimeDisabled,1
d196a3ac-77b7-4be9-96fe-c4281eba9a93,ATrustEvidenceMapSecurityClaimsDenied,1
d196a3ac-77b7-4be9-96fe-c4281eba9a93,AgentDeclared,2
d196a3ac-77b7-4be9-96fe-c4281eba9a93,BridgeSecurityClaimsDenied,2
d196a3ac-77b7-4be9-96fe-c4281eba9a93,CapabilityDeclared,1
d196a3ac-77b7-4be9-96fe-c4281eba9a93,ExternalProviderExecutionBlocked,1
d196a3ac-77b7-4be9-96fe-c4281eba9a93,GovernanceControlsMapped,1
d196a3ac-77b7-4be9-96fe-c4281eba9a93,GovernanceProfileDeclared,1
d196a3ac-77b7-4be9-96fe-c4281eba9a93,GovernanceRuntimeDisabled,1
d196a3ac-77b7-4be9-96fe-c4281eba9a93,GovernanceSecurityClaimsDenied,1
d196a3ac-77b7-4be9-96fe-c4281eba9a93,HandlerExecuted,1
d196a3ac-77b7-4be9-96fe-c4281eba9a93,LegalCertificationDenied,2
d196a3ac-77b7-4be9-96fe-c4281eba9a93,McpBridgeContractDeclared,1
d196a3ac-77b7-4be9-96fe-c4281eba9a93,McpBridgeNetworkDenied,1
d196a3ac-77b7-4be9-96fe-c4281eba9a93,McpBridgeRuntimeDisabled,1
d196a3ac-77b7-4be9-96fe-c4281eba9a93,McpBridgeToolExecutionDisabled,1
d196a3ac-77b7-4be9-96fe-c4281eba9a93,MessageDelivered,1
d196a3ac-77b7-4be9-96fe-c4281eba9a93,MessageProcessed,1
d196a3ac-77b7-4be9-96fe-c4281eba9a93,MessageScheduled,1
d196a3ac-77b7-4be9-96fe-c4281eba9a93,MitigationsMapped,1
d196a3ac-77b7-4be9-96fe-c4281eba9a93,PolicyActionActivated,2
d196a3ac-77b7-4be9-96fe-c4281eba9a93,PolicyDeclared,6
d196a3ac-77b7-4be9-96fe-c4281eba9a93,PolicyEvaluated,142
d196a3ac-77b7-4be9-96fe-c4281eba9a93,PolicyReportGenerated,1
d196a3ac-77b7-4be9-96fe-c4281eba9a93,PolicyViolation,44
d196a3ac-77b7-4be9-96fe-c4281eba9a93,ProviderContractDeclared,1
d196a3ac-77b7-4be9-96fe-c4281eba9a93,ProviderContractValidated,1
d196a3ac-77b7-4be9-96fe-c4281eba9a93,ProviderReferencesRedacted,1
d196a3ac-77b7-4be9-96fe-c4281eba9a93,ProviderRegistered,1
d196a3ac-77b7-4be9-96fe-c4281eba9a93,PublicConformanceArtifactsMapped,1
d196a3ac-77b7-4be9-96fe-c4281eba9a93,PublicConformanceReplayDeclared,1
d196a3ac-77b7-4be9-96fe-c4281eba9a93,PublicConformanceReportDeclared,1
d196a3ac-77b7-4be9-96fe-c4281eba9a93,PublicConformanceRuntimeDisabled,2
d196a3ac-77b7-4be9-96fe-c4281eba9a93,PublicConformanceSecurityClaimsDenied,2
d196a3ac-77b7-4be9-96fe-c4281eba9a93,RegulatoryMappingDeclared,1
d196a3ac-77b7-4be9-96fe-c4281eba9a93,RegulatoryObligationsMapped,1
d196a3ac-77b7-4be9-96fe-c4281eba9a93,ReleaseCandidateArtifactsMapped,1
d196a3ac-77b7-4be9-96fe-c4281eba9a93,ReleaseCandidateCompatibilityMapped,1
d196a3ac-77b7-4be9-96fe-c4281eba9a93,ReleaseCandidateDeclared,1
d196a3ac-77b7-4be9-96fe-c4281eba9a93,ReleaseCandidateRuntimeDisabled,1
d196a3ac-77b7-4be9-96fe-c4281eba9a93,ReleaseCandidateSecurityClaimsDenied,1
d196a3ac-77b7-4be9-96fe-c4281eba9a93,RemoteVerificationDenied,1
d196a3ac-77b7-4be9-96fe-c4281eba9a93,RuntimeDenyByDefaultDeclared,1
d196a3ac-77b7-4be9-96fe-c4281eba9a93,RuntimeExecutionDisabled,1
d196a3ac-77b7-4be9-96fe-c4281eba9a93,RuntimeExecutionProfileDeclared,1
d196a3ac-77b7-4be9-96fe-c4281eba9a93,RuntimeHardeningProfileDeclared,1
d196a3ac-77b7-4be9-96fe-c4281eba9a93,RuntimeNetworkDenied,1
d196a3ac-77b7-4be9-96fe-c4281eba9a93,RuntimeProfileGuardsValidated,1
d196a3ac-77b7-4be9-96fe-c4281eba9a93,RuntimeSandboxRequired,1
d196a3ac-77b7-4be9-96fe-c4281eba9a93,RuntimeSecretsDenied,1
d196a3ac-77b7-4be9-96fe-c4281eba9a93,SandboxedProviderAdapterDeclared,1
d196a3ac-77b7-4be9-96fe-c4281eba9a93,SpecFreezeCompatibilityDeclared,1
d196a3ac-77b7-4be9-96fe-c4281eba9a93,SpecFreezeDeclared,1
d196a3ac-77b7-4be9-96fe-c4281eba9a93,SpecFreezeRuntimeDisabled,1
d196a3ac-77b7-4be9-96fe-c4281eba9a93,ThirdPartyVerifierDeclared,1
d196a3ac-77b7-4be9-96fe-c4281eba9a93,ThreatAssetsMapped,1
d196a3ac-77b7-4be9-96fe-c4281eba9a93,ThreatModelDeclared,1
d196a3ac-77b7-4be9-96fe-c4281eba9a93,ThreatModelRuntimeDisabled,1
d196a3ac-77b7-4be9-96fe-c4281eba9a93,ThreatModelSecurityClaimsDenied,1
d196a3ac-77b7-4be9-96fe-c4281eba9a93,ThreatsMapped,1
d196a3ac-77b7-4be9-96fe-c4281eba9a93,ValueTraced,1
d196a3ac-77b7-4be9-96fe-c4281eba9a93,VmCompleted,1
d196a3ac-77b7-4be9-96fe-c4281eba9a93,VmStarted,1
d2797804-9d8e-480e-8bc2-76eaaf74975a,A2AAgentExecutionDisabled,1
d2797804-9d8e-480e-8bc2-76eaaf74975a,A2ABridgeContractDeclared,1
d2797804-9d8e-480e-8bc2-76eaaf74975a,A2ABridgeNetworkDenied,1
d2797804-9d8e-480e-8bc2-76eaaf74975a,A2ABridgeRuntimeDisabled,1
d2797804-9d8e-480e-8bc2-76eaaf74975a,ATrustEvidenceMapCoverageRequired,1
d2797804-9d8e-480e-8bc2-76eaaf74975a,ATrustEvidenceMapDeclared,1
d2797804-9d8e-480e-8bc2-76eaaf74975a,ATrustEvidenceMapLinksValidated,1
d2797804-9d8e-480e-8bc2-76eaaf74975a,ATrustEvidenceMapRuntimeDisabled,1
d2797804-9d8e-480e-8bc2-76eaaf74975a,ATrustEvidenceMapSecurityClaimsDenied,1
d2797804-9d8e-480e-8bc2-76eaaf74975a,AgentDeclared,2
d2797804-9d8e-480e-8bc2-76eaaf74975a,BridgeSecurityClaimsDenied,2
d2797804-9d8e-480e-8bc2-76eaaf74975a,CapabilityDeclared,1
d2797804-9d8e-480e-8bc2-76eaaf74975a,ExternalProviderExecutionBlocked,1
d2797804-9d8e-480e-8bc2-76eaaf74975a,GovernanceControlsMapped,1
d2797804-9d8e-480e-8bc2-76eaaf74975a,GovernanceProfileDeclared,1
d2797804-9d8e-480e-8bc2-76eaaf74975a,GovernanceRuntimeDisabled,1
d2797804-9d8e-480e-8bc2-76eaaf74975a,GovernanceSecurityClaimsDenied,1
d2797804-9d8e-480e-8bc2-76eaaf74975a,HandlerExecuted,1
d2797804-9d8e-480e-8bc2-76eaaf74975a,LegalCertificationDenied,2
d2797804-9d8e-480e-8bc2-76eaaf74975a,McpBridgeContractDeclared,1
d2797804-9d8e-480e-8bc2-76eaaf74975a,McpBridgeNetworkDenied,1
d2797804-9d8e-480e-8bc2-76eaaf74975a,McpBridgeRuntimeDisabled,1
d2797804-9d8e-480e-8bc2-76eaaf74975a,McpBridgeToolExecutionDisabled,1
d2797804-9d8e-480e-8bc2-76eaaf74975a,MessageDelivered,1
d2797804-9d8e-480e-8bc2-76eaaf74975a,MessageProcessed,1
d2797804-9d8e-480e-8bc2-76eaaf74975a,MessageScheduled,1
d2797804-9d8e-480e-8bc2-76eaaf74975a,MitigationsMapped,1
d2797804-9d8e-480e-8bc2-76eaaf74975a,PolicyActionActivated,2
d2797804-9d8e-480e-8bc2-76eaaf74975a,PolicyDeclared,6
d2797804-9d8e-480e-8bc2-76eaaf74975a,PolicyEvaluated,142
d2797804-9d8e-480e-8bc2-76eaaf74975a,PolicyReportGenerated,1
d2797804-9d8e-480e-8bc2-76eaaf74975a,PolicyViolation,44
d2797804-9d8e-480e-8bc2-76eaaf74975a,ProviderContractDeclared,1
d2797804-9d8e-480e-8bc2-76eaaf74975a,ProviderContractValidated,1
d2797804-9d8e-480e-8bc2-76eaaf74975a,ProviderReferencesRedacted,1
d2797804-9d8e-480e-8bc2-76eaaf74975a,ProviderRegistered,1
d2797804-9d8e-480e-8bc2-76eaaf74975a,PublicConformanceArtifactsMapped,1
d2797804-9d8e-480e-8bc2-76eaaf74975a,PublicConformanceReplayDeclared,1
d2797804-9d8e-480e-8bc2-76eaaf74975a,PublicConformanceReportDeclared,1
d2797804-9d8e-480e-8bc2-76eaaf74975a,PublicConformanceRuntimeDisabled,2
d2797804-9d8e-480e-8bc2-76eaaf74975a,PublicConformanceSecurityClaimsDenied,2
d2797804-9d8e-480e-8bc2-76eaaf74975a,RegulatoryMappingDeclared,1
d2797804-9d8e-480e-8bc2-76eaaf74975a,RegulatoryObligationsMapped,1
d2797804-9d8e-480e-8bc2-76eaaf74975a,ReleaseCandidateArtifactsMapped,1
d2797804-9d8e-480e-8bc2-76eaaf74975a,ReleaseCandidateCompatibilityMapped,1
d2797804-9d8e-480e-8bc2-76eaaf74975a,ReleaseCandidateDeclared,1
d2797804-9d8e-480e-8bc2-76eaaf74975a,ReleaseCandidateRuntimeDisabled,1
d2797804-9d8e-480e-8bc2-76eaaf74975a,ReleaseCandidateSecurityClaimsDenied,1
d2797804-9d8e-480e-8bc2-76eaaf74975a,RemoteVerificationDenied,1
d2797804-9d8e-480e-8bc2-76eaaf74975a,RuntimeDenyByDefaultDeclared,1
d2797804-9d8e-480e-8bc2-76eaaf74975a,RuntimeExecutionDisabled,1
d2797804-9d8e-480e-8bc2-76eaaf74975a,RuntimeExecutionProfileDeclared,1
d2797804-9d8e-480e-8bc2-76eaaf74975a,RuntimeHardeningProfileDeclared,1
d2797804-9d8e-480e-8bc2-76eaaf74975a,RuntimeNetworkDenied,1
d2797804-9d8e-480e-8bc2-76eaaf74975a,RuntimeProfileGuardsValidated,1
d2797804-9d8e-480e-8bc2-76eaaf74975a,RuntimeSandboxRequired,1
d2797804-9d8e-480e-8bc2-76eaaf74975a,RuntimeSecretsDenied,1
d2797804-9d8e-480e-8bc2-76eaaf74975a,SandboxedProviderAdapterDeclared,1
d2797804-9d8e-480e-8bc2-76eaaf74975a,SpecFreezeCompatibilityDeclared,1
d2797804-9d8e-480e-8bc2-76eaaf74975a,SpecFreezeDeclared,1
d2797804-9d8e-480e-8bc2-76eaaf74975a,SpecFreezeRuntimeDisabled,1
d2797804-9d8e-480e-8bc2-76eaaf74975a,ThirdPartyVerifierDeclared,1
d2797804-9d8e-480e-8bc2-76eaaf74975a,ThreatAssetsMapped,1
d2797804-9d8e-480e-8bc2-76eaaf74975a,ThreatModelDeclared,1
d2797804-9d8e-480e-8bc2-76eaaf74975a,ThreatModelRuntimeDisabled,1
d2797804-9d8e-480e-8bc2-76eaaf74975a,ThreatModelSecurityClaimsDenied,1
d2797804-9d8e-480e-8bc2-76eaaf74975a,ThreatsMapped,1
d2797804-9d8e-480e-8bc2-76eaaf74975a,ValueTraced,1
d2797804-9d8e-480e-8bc2-76eaaf74975a,VmCompleted,1
d2797804-9d8e-480e-8bc2-76eaaf74975a,VmStarted,1
d3ae69b0-7ed7-4f0e-b882-0666081bde28,A2AAgentExecutionDisabled,1
d3ae69b0-7ed7-4f0e-b882-0666081bde28,A2ABridgeContractDeclared,1
d3ae69b0-7ed7-4f0e-b882-0666081bde28,A2ABridgeNetworkDenied,1
d3ae69b0-7ed7-4f0e-b882-0666081bde28,A2ABridgeRuntimeDisabled,1
d3ae69b0-7ed7-4f0e-b882-0666081bde28,ATrustEvidenceMapCoverageRequired,1
d3ae69b0-7ed7-4f0e-b882-0666081bde28,ATrustEvidenceMapDeclared,1
d3ae69b0-7ed7-4f0e-b882-0666081bde28,ATrustEvidenceMapLinksValidated,1
d3ae69b0-7ed7-4f0e-b882-0666081bde28,ATrustEvidenceMapRuntimeDisabled,1
d3ae69b0-7ed7-4f0e-b882-0666081bde28,ATrustEvidenceMapSecurityClaimsDenied,1
d3ae69b0-7ed7-4f0e-b882-0666081bde28,AgentDeclared,2
d3ae69b0-7ed7-4f0e-b882-0666081bde28,BridgeSecurityClaimsDenied,2
d3ae69b0-7ed7-4f0e-b882-0666081bde28,CapabilityDeclared,1
d3ae69b0-7ed7-4f0e-b882-0666081bde28,ExternalProviderExecutionBlocked,1
d3ae69b0-7ed7-4f0e-b882-0666081bde28,GovernanceControlsMapped,1
d3ae69b0-7ed7-4f0e-b882-0666081bde28,GovernanceProfileDeclared,1
d3ae69b0-7ed7-4f0e-b882-0666081bde28,GovernanceRuntimeDisabled,1
d3ae69b0-7ed7-4f0e-b882-0666081bde28,GovernanceSecurityClaimsDenied,1
d3ae69b0-7ed7-4f0e-b882-0666081bde28,HandlerExecuted,1
d3ae69b0-7ed7-4f0e-b882-0666081bde28,LegalCertificationDenied,2
d3ae69b0-7ed7-4f0e-b882-0666081bde28,McpBridgeContractDeclared,1
d3ae69b0-7ed7-4f0e-b882-0666081bde28,McpBridgeNetworkDenied,1
d3ae69b0-7ed7-4f0e-b882-0666081bde28,McpBridgeRuntimeDisabled,1
d3ae69b0-7ed7-4f0e-b882-0666081bde28,McpBridgeToolExecutionDisabled,1
d3ae69b0-7ed7-4f0e-b882-0666081bde28,MessageDelivered,1
d3ae69b0-7ed7-4f0e-b882-0666081bde28,MessageProcessed,1
d3ae69b0-7ed7-4f0e-b882-0666081bde28,MessageScheduled,1
d3ae69b0-7ed7-4f0e-b882-0666081bde28,MitigationsMapped,1
d3ae69b0-7ed7-4f0e-b882-0666081bde28,PolicyActionActivated,2
d3ae69b0-7ed7-4f0e-b882-0666081bde28,PolicyDeclared,6
d3ae69b0-7ed7-4f0e-b882-0666081bde28,PolicyEvaluated,142
d3ae69b0-7ed7-4f0e-b882-0666081bde28,PolicyReportGenerated,1
d3ae69b0-7ed7-4f0e-b882-0666081bde28,PolicyViolation,44
d3ae69b0-7ed7-4f0e-b882-0666081bde28,ProviderContractDeclared,1
d3ae69b0-7ed7-4f0e-b882-0666081bde28,ProviderContractValidated,1
d3ae69b0-7ed7-4f0e-b882-0666081bde28,ProviderReferencesRedacted,1
d3ae69b0-7ed7-4f0e-b882-0666081bde28,ProviderRegistered,1
d3ae69b0-7ed7-4f0e-b882-0666081bde28,PublicConformanceArtifactsMapped,1
d3ae69b0-7ed7-4f0e-b882-0666081bde28,PublicConformanceReplayDeclared,1
d3ae69b0-7ed7-4f0e-b882-0666081bde28,PublicConformanceReportDeclared,1
d3ae69b0-7ed7-4f0e-b882-0666081bde28,PublicConformanceRuntimeDisabled,2
d3ae69b0-7ed7-4f0e-b882-0666081bde28,PublicConformanceSecurityClaimsDenied,2
d3ae69b0-7ed7-4f0e-b882-0666081bde28,RegulatoryMappingDeclared,1
d3ae69b0-7ed7-4f0e-b882-0666081bde28,RegulatoryObligationsMapped,1
d3ae69b0-7ed7-4f0e-b882-0666081bde28,ReleaseCandidateArtifactsMapped,1
d3ae69b0-7ed7-4f0e-b882-0666081bde28,ReleaseCandidateCompatibilityMapped,1
d3ae69b0-7ed7-4f0e-b882-0666081bde28,ReleaseCandidateDeclared,1
d3ae69b0-7ed7-4f0e-b882-0666081bde28,ReleaseCandidateRuntimeDisabled,1
d3ae69b0-7ed7-4f0e-b882-0666081bde28,ReleaseCandidateSecurityClaimsDenied,1
d3ae69b0-7ed7-4f0e-b882-0666081bde28,RemoteVerificationDenied,1
d3ae69b0-7ed7-4f0e-b882-0666081bde28,RuntimeDenyByDefaultDeclared,1
d3ae69b0-7ed7-4f0e-b882-0666081bde28,RuntimeExecutionDisabled,1
d3ae69b0-7ed7-4f0e-b882-0666081bde28,RuntimeExecutionProfileDeclared,1
d3ae69b0-7ed7-4f0e-b882-0666081bde28,RuntimeHardeningProfileDeclared,1
d3ae69b0-7ed7-4f0e-b882-0666081bde28,RuntimeNetworkDenied,1
d3ae69b0-7ed7-4f0e-b882-0666081bde28,RuntimeProfileGuardsValidated,1
d3ae69b0-7ed7-4f0e-b882-0666081bde28,RuntimeSandboxRequired,1
d3ae69b0-7ed7-4f0e-b882-0666081bde28,RuntimeSecretsDenied,1
d3ae69b0-7ed7-4f0e-b882-0666081bde28,SandboxedProviderAdapterDeclared,1
d3ae69b0-7ed7-4f0e-b882-0666081bde28,SpecFreezeCompatibilityDeclared,1
d3ae69b0-7ed7-4f0e-b882-0666081bde28,SpecFreezeDeclared,1
d3ae69b0-7ed7-4f0e-b882-0666081bde28,SpecFreezeRuntimeDisabled,1
d3ae69b0-7ed7-4f0e-b882-0666081bde28,ThirdPartyVerifierDeclared,1
d3ae69b0-7ed7-4f0e-b882-0666081bde28,ThreatAssetsMapped,1
d3ae69b0-7ed7-4f0e-b882-0666081bde28,ThreatModelDeclared,1
d3ae69b0-7ed7-4f0e-b882-0666081bde28,ThreatModelRuntimeDisabled,1
d3ae69b0-7ed7-4f0e-b882-0666081bde28,ThreatModelSecurityClaimsDenied,1
d3ae69b0-7ed7-4f0e-b882-0666081bde28,ThreatsMapped,1
d3ae69b0-7ed7-4f0e-b882-0666081bde28,ValueTraced,1
d3ae69b0-7ed7-4f0e-b882-0666081bde28,VmCompleted,1
d3ae69b0-7ed7-4f0e-b882-0666081bde28,VmStarted,1
d4bf31be-1273-40bf-b3ca-d1cd1724d6f3,A2AAgentExecutionDisabled,1
d4bf31be-1273-40bf-b3ca-d1cd1724d6f3,A2ABridgeContractDeclared,1
d4bf31be-1273-40bf-b3ca-d1cd1724d6f3,A2ABridgeNetworkDenied,1
d4bf31be-1273-40bf-b3ca-d1cd1724d6f3,A2ABridgeRuntimeDisabled,1
d4bf31be-1273-40bf-b3ca-d1cd1724d6f3,ATrustEvidenceMapCoverageRequired,1
d4bf31be-1273-40bf-b3ca-d1cd1724d6f3,ATrustEvidenceMapDeclared,1
d4bf31be-1273-40bf-b3ca-d1cd1724d6f3,ATrustEvidenceMapLinksValidated,1
d4bf31be-1273-40bf-b3ca-d1cd1724d6f3,ATrustEvidenceMapRuntimeDisabled,1
d4bf31be-1273-40bf-b3ca-d1cd1724d6f3,ATrustEvidenceMapSecurityClaimsDenied,1
d4bf31be-1273-40bf-b3ca-d1cd1724d6f3,AgentDeclared,2
d4bf31be-1273-40bf-b3ca-d1cd1724d6f3,BridgeSecurityClaimsDenied,2
d4bf31be-1273-40bf-b3ca-d1cd1724d6f3,CapabilityDeclared,1
d4bf31be-1273-40bf-b3ca-d1cd1724d6f3,ExternalProviderExecutionBlocked,1
d4bf31be-1273-40bf-b3ca-d1cd1724d6f3,GovernanceControlsMapped,1
d4bf31be-1273-40bf-b3ca-d1cd1724d6f3,GovernanceProfileDeclared,1
d4bf31be-1273-40bf-b3ca-d1cd1724d6f3,GovernanceRuntimeDisabled,1
d4bf31be-1273-40bf-b3ca-d1cd1724d6f3,GovernanceSecurityClaimsDenied,1
d4bf31be-1273-40bf-b3ca-d1cd1724d6f3,HandlerExecuted,1
d4bf31be-1273-40bf-b3ca-d1cd1724d6f3,LegalCertificationDenied,2
d4bf31be-1273-40bf-b3ca-d1cd1724d6f3,McpBridgeContractDeclared,1
d4bf31be-1273-40bf-b3ca-d1cd1724d6f3,McpBridgeNetworkDenied,1
d4bf31be-1273-40bf-b3ca-d1cd1724d6f3,McpBridgeRuntimeDisabled,1
d4bf31be-1273-40bf-b3ca-d1cd1724d6f3,McpBridgeToolExecutionDisabled,1
d4bf31be-1273-40bf-b3ca-d1cd1724d6f3,MessageDelivered,1
d4bf31be-1273-40bf-b3ca-d1cd1724d6f3,MessageProcessed,1
d4bf31be-1273-40bf-b3ca-d1cd1724d6f3,MessageScheduled,1
d4bf31be-1273-40bf-b3ca-d1cd1724d6f3,MitigationsMapped,1
d4bf31be-1273-40bf-b3ca-d1cd1724d6f3,PolicyActionActivated,2
d4bf31be-1273-40bf-b3ca-d1cd1724d6f3,PolicyDeclared,6
d4bf31be-1273-40bf-b3ca-d1cd1724d6f3,PolicyEvaluated,142
d4bf31be-1273-40bf-b3ca-d1cd1724d6f3,PolicyReportGenerated,1
d4bf31be-1273-40bf-b3ca-d1cd1724d6f3,PolicyViolation,44
d4bf31be-1273-40bf-b3ca-d1cd1724d6f3,ProviderContractDeclared,1
d4bf31be-1273-40bf-b3ca-d1cd1724d6f3,ProviderContractValidated,1
d4bf31be-1273-40bf-b3ca-d1cd1724d6f3,ProviderReferencesRedacted,1
d4bf31be-1273-40bf-b3ca-d1cd1724d6f3,ProviderRegistered,1
d4bf31be-1273-40bf-b3ca-d1cd1724d6f3,PublicConformanceArtifactsMapped,1
d4bf31be-1273-40bf-b3ca-d1cd1724d6f3,PublicConformanceReplayDeclared,1
d4bf31be-1273-40bf-b3ca-d1cd1724d6f3,PublicConformanceReportDeclared,1
d4bf31be-1273-40bf-b3ca-d1cd1724d6f3,PublicConformanceRuntimeDisabled,2
d4bf31be-1273-40bf-b3ca-d1cd1724d6f3,PublicConformanceSecurityClaimsDenied,2
d4bf31be-1273-40bf-b3ca-d1cd1724d6f3,RegulatoryMappingDeclared,1
d4bf31be-1273-40bf-b3ca-d1cd1724d6f3,RegulatoryObligationsMapped,1
d4bf31be-1273-40bf-b3ca-d1cd1724d6f3,ReleaseCandidateArtifactsMapped,1
d4bf31be-1273-40bf-b3ca-d1cd1724d6f3,ReleaseCandidateCompatibilityMapped,1
d4bf31be-1273-40bf-b3ca-d1cd1724d6f3,ReleaseCandidateDeclared,1
d4bf31be-1273-40bf-b3ca-d1cd1724d6f3,ReleaseCandidateRuntimeDisabled,1
d4bf31be-1273-40bf-b3ca-d1cd1724d6f3,ReleaseCandidateSecurityClaimsDenied,1
d4bf31be-1273-40bf-b3ca-d1cd1724d6f3,RemoteVerificationDenied,1
d4bf31be-1273-40bf-b3ca-d1cd1724d6f3,RuntimeDenyByDefaultDeclared,1
d4bf31be-1273-40bf-b3ca-d1cd1724d6f3,RuntimeExecutionDisabled,1
d4bf31be-1273-40bf-b3ca-d1cd1724d6f3,RuntimeExecutionProfileDeclared,1
d4bf31be-1273-40bf-b3ca-d1cd1724d6f3,RuntimeHardeningProfileDeclared,1
d4bf31be-1273-40bf-b3ca-d1cd1724d6f3,RuntimeNetworkDenied,1
d4bf31be-1273-40bf-b3ca-d1cd1724d6f3,RuntimeProfileGuardsValidated,1
d4bf31be-1273-40bf-b3ca-d1cd1724d6f3,RuntimeSandboxRequired,1
d4bf31be-1273-40bf-b3ca-d1cd1724d6f3,RuntimeSecretsDenied,1
d4bf31be-1273-40bf-b3ca-d1cd1724d6f3,SandboxedProviderAdapterDeclared,1
d4bf31be-1273-40bf-b3ca-d1cd1724d6f3,SpecFreezeCompatibilityDeclared,1
d4bf31be-1273-40bf-b3ca-d1cd1724d6f3,SpecFreezeDeclared,1
d4bf31be-1273-40bf-b3ca-d1cd1724d6f3,SpecFreezeRuntimeDisabled,1
d4bf31be-1273-40bf-b3ca-d1cd1724d6f3,ThirdPartyVerifierDeclared,1
d4bf31be-1273-40bf-b3ca-d1cd1724d6f3,ThreatAssetsMapped,1
d4bf31be-1273-40bf-b3ca-d1cd1724d6f3,ThreatModelDeclared,1
d4bf31be-1273-40bf-b3ca-d1cd1724d6f3,ThreatModelRuntimeDisabled,1
d4bf31be-1273-40bf-b3ca-d1cd1724d6f3,ThreatModelSecurityClaimsDenied,1
d4bf31be-1273-40bf-b3ca-d1cd1724d6f3,ThreatsMapped,1
d4bf31be-1273-40bf-b3ca-d1cd1724d6f3,ValueTraced,1
d4bf31be-1273-40bf-b3ca-d1cd1724d6f3,VmCompleted,1
d4bf31be-1273-40bf-b3ca-d1cd1724d6f3,VmStarted,1
d4f114b4-9008-45f6-9481-67abb8649802,A2AAgentExecutionDisabled,1
d4f114b4-9008-45f6-9481-67abb8649802,A2ABridgeContractDeclared,1
d4f114b4-9008-45f6-9481-67abb8649802,A2ABridgeNetworkDenied,1
d4f114b4-9008-45f6-9481-67abb8649802,A2ABridgeRuntimeDisabled,1
d4f114b4-9008-45f6-9481-67abb8649802,ATrustEvidenceMapCoverageRequired,1
d4f114b4-9008-45f6-9481-67abb8649802,ATrustEvidenceMapDeclared,1
d4f114b4-9008-45f6-9481-67abb8649802,ATrustEvidenceMapLinksValidated,1
d4f114b4-9008-45f6-9481-67abb8649802,ATrustEvidenceMapRuntimeDisabled,1
d4f114b4-9008-45f6-9481-67abb8649802,ATrustEvidenceMapSecurityClaimsDenied,1
d4f114b4-9008-45f6-9481-67abb8649802,AgentDeclared,2
d4f114b4-9008-45f6-9481-67abb8649802,BridgeSecurityClaimsDenied,2
d4f114b4-9008-45f6-9481-67abb8649802,CapabilityDeclared,1
d4f114b4-9008-45f6-9481-67abb8649802,ExternalProviderExecutionBlocked,1
d4f114b4-9008-45f6-9481-67abb8649802,GovernanceControlsMapped,1
d4f114b4-9008-45f6-9481-67abb8649802,GovernanceProfileDeclared,1
d4f114b4-9008-45f6-9481-67abb8649802,GovernanceRuntimeDisabled,1
d4f114b4-9008-45f6-9481-67abb8649802,GovernanceSecurityClaimsDenied,1
d4f114b4-9008-45f6-9481-67abb8649802,HandlerExecuted,1
d4f114b4-9008-45f6-9481-67abb8649802,LegalCertificationDenied,2
d4f114b4-9008-45f6-9481-67abb8649802,McpBridgeContractDeclared,1
d4f114b4-9008-45f6-9481-67abb8649802,McpBridgeNetworkDenied,1
d4f114b4-9008-45f6-9481-67abb8649802,McpBridgeRuntimeDisabled,1
d4f114b4-9008-45f6-9481-67abb8649802,McpBridgeToolExecutionDisabled,1
d4f114b4-9008-45f6-9481-67abb8649802,MessageDelivered,1
d4f114b4-9008-45f6-9481-67abb8649802,MessageProcessed,1
d4f114b4-9008-45f6-9481-67abb8649802,MessageScheduled,1
d4f114b4-9008-45f6-9481-67abb8649802,MitigationsMapped,1
d4f114b4-9008-45f6-9481-67abb8649802,PolicyActionActivated,2
d4f114b4-9008-45f6-9481-67abb8649802,PolicyDeclared,6
d4f114b4-9008-45f6-9481-67abb8649802,PolicyEvaluated,142
d4f114b4-9008-45f6-9481-67abb8649802,PolicyReportGenerated,1
d4f114b4-9008-45f6-9481-67abb8649802,PolicyViolation,44
d4f114b4-9008-45f6-9481-67abb8649802,ProviderContractDeclared,1
d4f114b4-9008-45f6-9481-67abb8649802,ProviderContractValidated,1
d4f114b4-9008-45f6-9481-67abb8649802,ProviderReferencesRedacted,1
d4f114b4-9008-45f6-9481-67abb8649802,ProviderRegistered,1
d4f114b4-9008-45f6-9481-67abb8649802,PublicConformanceArtifactsMapped,1
d4f114b4-9008-45f6-9481-67abb8649802,PublicConformanceReplayDeclared,1
d4f114b4-9008-45f6-9481-67abb8649802,PublicConformanceReportDeclared,1
d4f114b4-9008-45f6-9481-67abb8649802,PublicConformanceRuntimeDisabled,2
d4f114b4-9008-45f6-9481-67abb8649802,PublicConformanceSecurityClaimsDenied,2
d4f114b4-9008-45f6-9481-67abb8649802,RegulatoryMappingDeclared,1
d4f114b4-9008-45f6-9481-67abb8649802,RegulatoryObligationsMapped,1
d4f114b4-9008-45f6-9481-67abb8649802,ReleaseCandidateArtifactsMapped,1
d4f114b4-9008-45f6-9481-67abb8649802,ReleaseCandidateCompatibilityMapped,1
d4f114b4-9008-45f6-9481-67abb8649802,ReleaseCandidateDeclared,1
d4f114b4-9008-45f6-9481-67abb8649802,ReleaseCandidateRuntimeDisabled,1
d4f114b4-9008-45f6-9481-67abb8649802,ReleaseCandidateSecurityClaimsDenied,1
d4f114b4-9008-45f6-9481-67abb8649802,RemoteVerificationDenied,1
d4f114b4-9008-45f6-9481-67abb8649802,RuntimeDenyByDefaultDeclared,1
d4f114b4-9008-45f6-9481-67abb8649802,RuntimeExecutionDisabled,1
d4f114b4-9008-45f6-9481-67abb8649802,RuntimeExecutionProfileDeclared,1
d4f114b4-9008-45f6-9481-67abb8649802,RuntimeHardeningProfileDeclared,1
d4f114b4-9008-45f6-9481-67abb8649802,RuntimeNetworkDenied,1
d4f114b4-9008-45f6-9481-67abb8649802,RuntimeProfileGuardsValidated,1
d4f114b4-9008-45f6-9481-67abb8649802,RuntimeSandboxRequired,1
d4f114b4-9008-45f6-9481-67abb8649802,RuntimeSecretsDenied,1
d4f114b4-9008-45f6-9481-67abb8649802,SandboxedProviderAdapterDeclared,1
d4f114b4-9008-45f6-9481-67abb8649802,SpecFreezeCompatibilityDeclared,1
d4f114b4-9008-45f6-9481-67abb8649802,SpecFreezeDeclared,1
d4f114b4-9008-45f6-9481-67abb8649802,SpecFreezeRuntimeDisabled,1
d4f114b4-9008-45f6-9481-67abb8649802,ThirdPartyVerifierDeclared,1
d4f114b4-9008-45f6-9481-67abb8649802,ThreatAssetsMapped,1
d4f114b4-9008-45f6-9481-67abb8649802,ThreatModelDeclared,1
d4f114b4-9008-45f6-9481-67abb8649802,ThreatModelRuntimeDisabled,1
d4f114b4-9008-45f6-9481-67abb8649802,ThreatModelSecurityClaimsDenied,1
d4f114b4-9008-45f6-9481-67abb8649802,ThreatsMapped,1
d4f114b4-9008-45f6-9481-67abb8649802,ValueTraced,1
d4f114b4-9008-45f6-9481-67abb8649802,VmCompleted,1
d4f114b4-9008-45f6-9481-67abb8649802,VmStarted,1
e626a7bf-0bd7-4f38-9e9e-d5c2cbc24fd6,A2AAgentExecutionDisabled,1
e626a7bf-0bd7-4f38-9e9e-d5c2cbc24fd6,A2ABridgeContractDeclared,1
e626a7bf-0bd7-4f38-9e9e-d5c2cbc24fd6,A2ABridgeNetworkDenied,1
e626a7bf-0bd7-4f38-9e9e-d5c2cbc24fd6,A2ABridgeRuntimeDisabled,1
e626a7bf-0bd7-4f38-9e9e-d5c2cbc24fd6,ATrustEvidenceMapCoverageRequired,1
e626a7bf-0bd7-4f38-9e9e-d5c2cbc24fd6,ATrustEvidenceMapDeclared,1
e626a7bf-0bd7-4f38-9e9e-d5c2cbc24fd6,ATrustEvidenceMapLinksValidated,1
e626a7bf-0bd7-4f38-9e9e-d5c2cbc24fd6,ATrustEvidenceMapRuntimeDisabled,1
e626a7bf-0bd7-4f38-9e9e-d5c2cbc24fd6,ATrustEvidenceMapSecurityClaimsDenied,1
e626a7bf-0bd7-4f38-9e9e-d5c2cbc24fd6,AgentDeclared,2
e626a7bf-0bd7-4f38-9e9e-d5c2cbc24fd6,BridgeSecurityClaimsDenied,2
e626a7bf-0bd7-4f38-9e9e-d5c2cbc24fd6,CapabilityDeclared,1
e626a7bf-0bd7-4f38-9e9e-d5c2cbc24fd6,ExternalProviderExecutionBlocked,1
e626a7bf-0bd7-4f38-9e9e-d5c2cbc24fd6,GovernanceControlsMapped,1
e626a7bf-0bd7-4f38-9e9e-d5c2cbc24fd6,GovernanceProfileDeclared,1
e626a7bf-0bd7-4f38-9e9e-d5c2cbc24fd6,GovernanceRuntimeDisabled,1
e626a7bf-0bd7-4f38-9e9e-d5c2cbc24fd6,GovernanceSecurityClaimsDenied,1
e626a7bf-0bd7-4f38-9e9e-d5c2cbc24fd6,HandlerExecuted,1
e626a7bf-0bd7-4f38-9e9e-d5c2cbc24fd6,LegalCertificationDenied,2
e626a7bf-0bd7-4f38-9e9e-d5c2cbc24fd6,McpBridgeContractDeclared,1
e626a7bf-0bd7-4f38-9e9e-d5c2cbc24fd6,McpBridgeNetworkDenied,1
e626a7bf-0bd7-4f38-9e9e-d5c2cbc24fd6,McpBridgeRuntimeDisabled,1
e626a7bf-0bd7-4f38-9e9e-d5c2cbc24fd6,McpBridgeToolExecutionDisabled,1
e626a7bf-0bd7-4f38-9e9e-d5c2cbc24fd6,MessageDelivered,1
e626a7bf-0bd7-4f38-9e9e-d5c2cbc24fd6,MessageProcessed,1
e626a7bf-0bd7-4f38-9e9e-d5c2cbc24fd6,MessageScheduled,1
e626a7bf-0bd7-4f38-9e9e-d5c2cbc24fd6,MitigationsMapped,1
e626a7bf-0bd7-4f38-9e9e-d5c2cbc24fd6,PolicyActionActivated,2
e626a7bf-0bd7-4f38-9e9e-d5c2cbc24fd6,PolicyDeclared,6
e626a7bf-0bd7-4f38-9e9e-d5c2cbc24fd6,PolicyEvaluated,142
e626a7bf-0bd7-4f38-9e9e-d5c2cbc24fd6,PolicyReportGenerated,1
e626a7bf-0bd7-4f38-9e9e-d5c2cbc24fd6,PolicyViolation,44
e626a7bf-0bd7-4f38-9e9e-d5c2cbc24fd6,ProviderContractDeclared,1
e626a7bf-0bd7-4f38-9e9e-d5c2cbc24fd6,ProviderContractValidated,1
e626a7bf-0bd7-4f38-9e9e-d5c2cbc24fd6,ProviderReferencesRedacted,1
e626a7bf-0bd7-4f38-9e9e-d5c2cbc24fd6,ProviderRegistered,1
e626a7bf-0bd7-4f38-9e9e-d5c2cbc24fd6,PublicConformanceArtifactsMapped,1
e626a7bf-0bd7-4f38-9e9e-d5c2cbc24fd6,PublicConformanceReplayDeclared,1
e626a7bf-0bd7-4f38-9e9e-d5c2cbc24fd6,PublicConformanceReportDeclared,1
e626a7bf-0bd7-4f38-9e9e-d5c2cbc24fd6,PublicConformanceRuntimeDisabled,2
e626a7bf-0bd7-4f38-9e9e-d5c2cbc24fd6,PublicConformanceSecurityClaimsDenied,2
e626a7bf-0bd7-4f38-9e9e-d5c2cbc24fd6,RegulatoryMappingDeclared,1
e626a7bf-0bd7-4f38-9e9e-d5c2cbc24fd6,RegulatoryObligationsMapped,1
e626a7bf-0bd7-4f38-9e9e-d5c2cbc24fd6,ReleaseCandidateArtifactsMapped,1
e626a7bf-0bd7-4f38-9e9e-d5c2cbc24fd6,ReleaseCandidateCompatibilityMapped,1
e626a7bf-0bd7-4f38-9e9e-d5c2cbc24fd6,ReleaseCandidateDeclared,1
e626a7bf-0bd7-4f38-9e9e-d5c2cbc24fd6,ReleaseCandidateRuntimeDisabled,1
e626a7bf-0bd7-4f38-9e9e-d5c2cbc24fd6,ReleaseCandidateSecurityClaimsDenied,1
e626a7bf-0bd7-4f38-9e9e-d5c2cbc24fd6,RemoteVerificationDenied,1
e626a7bf-0bd7-4f38-9e9e-d5c2cbc24fd6,RuntimeDenyByDefaultDeclared,1
e626a7bf-0bd7-4f38-9e9e-d5c2cbc24fd6,RuntimeExecutionDisabled,1
e626a7bf-0bd7-4f38-9e9e-d5c2cbc24fd6,RuntimeExecutionProfileDeclared,1
e626a7bf-0bd7-4f38-9e9e-d5c2cbc24fd6,RuntimeHardeningProfileDeclared,1
e626a7bf-0bd7-4f38-9e9e-d5c2cbc24fd6,RuntimeNetworkDenied,1
e626a7bf-0bd7-4f38-9e9e-d5c2cbc24fd6,RuntimeProfileGuardsValidated,1
e626a7bf-0bd7-4f38-9e9e-d5c2cbc24fd6,RuntimeSandboxRequired,1
e626a7bf-0bd7-4f38-9e9e-d5c2cbc24fd6,RuntimeSecretsDenied,1
e626a7bf-0bd7-4f38-9e9e-d5c2cbc24fd6,SandboxedProviderAdapterDeclared,1
e626a7bf-0bd7-4f38-9e9e-d5c2cbc24fd6,SpecFreezeCompatibilityDeclared,1
e626a7bf-0bd7-4f38-9e9e-d5c2cbc24fd6,SpecFreezeDeclared,1
e626a7bf-0bd7-4f38-9e9e-d5c2cbc24fd6,SpecFreezeRuntimeDisabled,1
e626a7bf-0bd7-4f38-9e9e-d5c2cbc24fd6,ThirdPartyVerifierDeclared,1
e626a7bf-0bd7-4f38-9e9e-d5c2cbc24fd6,ThreatAssetsMapped,1
e626a7bf-0bd7-4f38-9e9e-d5c2cbc24fd6,ThreatModelDeclared,1
e626a7bf-0bd7-4f38-9e9e-d5c2cbc24fd6,ThreatModelRuntimeDisabled,1
e626a7bf-0bd7-4f38-9e9e-d5c2cbc24fd6,ThreatModelSecurityClaimsDenied,1
e626a7bf-0bd7-4f38-9e9e-d5c2cbc24fd6,ThreatsMapped,1
e626a7bf-0bd7-4f38-9e9e-d5c2cbc24fd6,ValueTraced,1
e626a7bf-0bd7-4f38-9e9e-d5c2cbc24fd6,VmCompleted,1
e626a7bf-0bd7-4f38-9e9e-d5c2cbc24fd6,VmStarted,1
faeb2d0a-cca2-4d3c-add2-2d7aa1545528,A2AAgentExecutionDisabled,1
faeb2d0a-cca2-4d3c-add2-2d7aa1545528,A2ABridgeContractDeclared,1
faeb2d0a-cca2-4d3c-add2-2d7aa1545528,A2ABridgeNetworkDenied,1
faeb2d0a-cca2-4d3c-add2-2d7aa1545528,A2ABridgeRuntimeDisabled,1
faeb2d0a-cca2-4d3c-add2-2d7aa1545528,ATrustEvidenceMapCoverageRequired,1
faeb2d0a-cca2-4d3c-add2-2d7aa1545528,ATrustEvidenceMapDeclared,1
faeb2d0a-cca2-4d3c-add2-2d7aa1545528,ATrustEvidenceMapLinksValidated,1
faeb2d0a-cca2-4d3c-add2-2d7aa1545528,ATrustEvidenceMapRuntimeDisabled,1
faeb2d0a-cca2-4d3c-add2-2d7aa1545528,ATrustEvidenceMapSecurityClaimsDenied,1
faeb2d0a-cca2-4d3c-add2-2d7aa1545528,AgentDeclared,2
faeb2d0a-cca2-4d3c-add2-2d7aa1545528,BridgeSecurityClaimsDenied,2
faeb2d0a-cca2-4d3c-add2-2d7aa1545528,CapabilityDeclared,1
faeb2d0a-cca2-4d3c-add2-2d7aa1545528,ExternalProviderExecutionBlocked,1
faeb2d0a-cca2-4d3c-add2-2d7aa1545528,GovernanceControlsMapped,1
faeb2d0a-cca2-4d3c-add2-2d7aa1545528,GovernanceProfileDeclared,1
faeb2d0a-cca2-4d3c-add2-2d7aa1545528,GovernanceRuntimeDisabled,1
faeb2d0a-cca2-4d3c-add2-2d7aa1545528,GovernanceSecurityClaimsDenied,1
faeb2d0a-cca2-4d3c-add2-2d7aa1545528,HandlerExecuted,1
faeb2d0a-cca2-4d3c-add2-2d7aa1545528,LegalCertificationDenied,2
faeb2d0a-cca2-4d3c-add2-2d7aa1545528,McpBridgeContractDeclared,1
faeb2d0a-cca2-4d3c-add2-2d7aa1545528,McpBridgeNetworkDenied,1
faeb2d0a-cca2-4d3c-add2-2d7aa1545528,McpBridgeRuntimeDisabled,1
faeb2d0a-cca2-4d3c-add2-2d7aa1545528,McpBridgeToolExecutionDisabled,1
faeb2d0a-cca2-4d3c-add2-2d7aa1545528,MessageDelivered,1
faeb2d0a-cca2-4d3c-add2-2d7aa1545528,MessageProcessed,1
faeb2d0a-cca2-4d3c-add2-2d7aa1545528,MessageScheduled,1
faeb2d0a-cca2-4d3c-add2-2d7aa1545528,MitigationsMapped,1
faeb2d0a-cca2-4d3c-add2-2d7aa1545528,PolicyActionActivated,2
faeb2d0a-cca2-4d3c-add2-2d7aa1545528,PolicyDeclared,6
faeb2d0a-cca2-4d3c-add2-2d7aa1545528,PolicyEvaluated,142
faeb2d0a-cca2-4d3c-add2-2d7aa1545528,PolicyReportGenerated,1
faeb2d0a-cca2-4d3c-add2-2d7aa1545528,PolicyViolation,44
faeb2d0a-cca2-4d3c-add2-2d7aa1545528,ProviderContractDeclared,1
faeb2d0a-cca2-4d3c-add2-2d7aa1545528,ProviderContractValidated,1
faeb2d0a-cca2-4d3c-add2-2d7aa1545528,ProviderReferencesRedacted,1
faeb2d0a-cca2-4d3c-add2-2d7aa1545528,ProviderRegistered,1
faeb2d0a-cca2-4d3c-add2-2d7aa1545528,PublicConformanceArtifactsMapped,1
faeb2d0a-cca2-4d3c-add2-2d7aa1545528,PublicConformanceReplayDeclared,1
faeb2d0a-cca2-4d3c-add2-2d7aa1545528,PublicConformanceReportDeclared,1
faeb2d0a-cca2-4d3c-add2-2d7aa1545528,PublicConformanceRuntimeDisabled,2
faeb2d0a-cca2-4d3c-add2-2d7aa1545528,PublicConformanceSecurityClaimsDenied,2
faeb2d0a-cca2-4d3c-add2-2d7aa1545528,RegulatoryMappingDeclared,1
faeb2d0a-cca2-4d3c-add2-2d7aa1545528,RegulatoryObligationsMapped,1
faeb2d0a-cca2-4d3c-add2-2d7aa1545528,ReleaseCandidateArtifactsMapped,1
faeb2d0a-cca2-4d3c-add2-2d7aa1545528,ReleaseCandidateCompatibilityMapped,1
faeb2d0a-cca2-4d3c-add2-2d7aa1545528,ReleaseCandidateDeclared,1
faeb2d0a-cca2-4d3c-add2-2d7aa1545528,ReleaseCandidateRuntimeDisabled,1
faeb2d0a-cca2-4d3c-add2-2d7aa1545528,ReleaseCandidateSecurityClaimsDenied,1
faeb2d0a-cca2-4d3c-add2-2d7aa1545528,RemoteVerificationDenied,1
faeb2d0a-cca2-4d3c-add2-2d7aa1545528,RuntimeDenyByDefaultDeclared,1
faeb2d0a-cca2-4d3c-add2-2d7aa1545528,RuntimeExecutionDisabled,1
faeb2d0a-cca2-4d3c-add2-2d7aa1545528,RuntimeExecutionProfileDeclared,1
faeb2d0a-cca2-4d3c-add2-2d7aa1545528,RuntimeHardeningProfileDeclared,1
faeb2d0a-cca2-4d3c-add2-2d7aa1545528,RuntimeNetworkDenied,1
faeb2d0a-cca2-4d3c-add2-2d7aa1545528,RuntimeProfileGuardsValidated,1
faeb2d0a-cca2-4d3c-add2-2d7aa1545528,RuntimeSandboxRequired,1
faeb2d0a-cca2-4d3c-add2-2d7aa1545528,RuntimeSecretsDenied,1
faeb2d0a-cca2-4d3c-add2-2d7aa1545528,SandboxedProviderAdapterDeclared,1
faeb2d0a-cca2-4d3c-add2-2d7aa1545528,SpecFreezeCompatibilityDeclared,1
faeb2d0a-cca2-4d3c-add2-2d7aa1545528,SpecFreezeDeclared,1
faeb2d0a-cca2-4d3c-add2-2d7aa1545528,SpecFreezeRuntimeDisabled,1
faeb2d0a-cca2-4d3c-add2-2d7aa1545528,ThirdPartyVerifierDeclared,1
faeb2d0a-cca2-4d3c-add2-2d7aa1545528,ThreatAssetsMapped,1
faeb2d0a-cca2-4d3c-add2-2d7aa1545528,ThreatModelDeclared,1
faeb2d0a-cca2-4d3c-add2-2d7aa1545528,ThreatModelRuntimeDisabled,1
faeb2d0a-cca2-4d3c-add2-2d7aa1545528,ThreatModelSecurityClaimsDenied,1
faeb2d0a-cca2-4d3c-add2-2d7aa1545528,ThreatsMapped,1
faeb2d0a-cca2-4d3c-add2-2d7aa1545528,ValueTraced,1
faeb2d0a-cca2-4d3c-add2-2d7aa1545528,VmCompleted,1
faeb2d0a-cca2-4d3c-add2-2d7aa1545528,VmStarted,1
